,Country Name,Year,Education Expenditure,Fertility rates,Health Expenditure,Labor Force Participation,Num of Elderly Beds,Population Growth,Tax Revenue,Teacher-Pupil Ratio,Working Age Population
0,Australia,0.0,0.8908118375254255,0.3723404255319149,0.37677401652140263,0.5778507302693286,0.1023654702379555,0.7726299495813913,0.41012040042606085,0.213559168540236,0.647222062023319
1,Australia,0.125,0.8917140565641253,0.3723404255319149,0.4016965641416576,0.5788556880611014,0.10444087708812233,0.7389673636846452,0.4047550074060203,0.21763108570608367,0.6331085440782712
2,Australia,0.25,0.7247448869455042,0.3670212765957447,0.4039162080684818,0.5698110679351468,0.10617499748700011,0.8111409657075803,0.4314774444752591,0.22078589821693517,0.6138979816010772
3,Australia,0.375,0.7407755528752678,0.33510638297872347,0.45494723440012447,0.5627763633927373,0.10721089516366401,0.8061438973448312,0.4605440781486267,0.21992096068974462,0.5937451960903415
4,Australia,0.5,0.6897349706900257,0.31914893617021284,0.5238799505973665,0.5547367010585555,0.10999897072340087,0.7596372650688159,0.4588595558308456,0.20364100795927403,0.5747778850849612
5,Australia,0.625,0.675160935297421,0.3085106382978724,0.5402191911568535,0.5647862789762829,0.11076400613713697,0.7490328480024653,0.457947332320705,0.19994409386424758,0.5558428390622518
6,Australia,0.75,0.6756999851394447,0.2765957446808511,0.5742641144927844,0.5604314618786012,0.1128839547816519,0.7738928081438147,0.4715576819625902,0.18305023881030663,0.5376359817616008
7,Australia,0.875,0.6715502206824207,0.2712765957446809,0.5847092272823151,0.5704810397963285,0.11555164711342086,0.7910882836412358,0.46559947438554167,0.16537803493043213,0.5221478632746174
8,Australia,1.0,0.6963681370255728,0.2712765957446809,0.6121852631329193,0.5858903926035104,0.11926667352851066,0.7605346873870082,0.5030694126853754,0.14487411640972336,0.508473367728793
9,Austria,0.125,0.18906019218309758,0.10638297872340424,0.4934783949347676,0.41370762427978025,0.036376801911204126,0.5257750749770693,0.5805500099472563,0.4305641504900277,0.6668564032299711
10,Austria,0.25,0.18585376461201725,0.11170212765957445,0.5322512751877146,0.42275224440573483,0.038223480628231915,0.5498516599661977,0.5977692469157154,0.4347684281006506,0.6623840232569455
11,Austria,0.375,0.18232289521096012,0.11170212765957445,0.5587693847472627,0.4281120192951896,0.03849915822027843,0.5768843550895597,0.6145328184343641,0.42921589216325656,0.6521783384897094
12,Austria,0.5,0.15226230364379717,0.12234042553191489,0.5774245369804114,0.4204073428915984,0.038749555334451694,0.6158087399804162,0.6146266310082302,0.441533827932273,0.6432982482894826
13,Austria,0.625,0.1743119317238916,0.13829787234042554,0.5940381621806256,0.4214123006833712,0.038887394130474956,0.6845707240372751,0.6286808270140865,0.42710485875351795,0.6374211063362336
14,Austria,0.75,0.18666942265547673,0.15957446808510642,0.6310601424160961,0.4378266112823261,0.0392334959108827,0.676549788673583,0.5802465275341552,0.46890070317905064,0.6296416659168406
15,Austria,0.875,0.19060411967831628,0.1542553191489362,0.653445315038633,0.4378266112823261,0.04455624033548398,0.5982013965468315,0.5803517595329218,0.4670535284824823,0.6174190923121365
16,Austria,1.0,0.18987143483546715,0.1276595744680851,0.6892951808907567,0.44318638617178063,0.04470130212518531,0.556158513052513,0.5801891391838503,0.4611970044325579,0.6046521458828285
17,Belgium,0.0,0.32525144666231626,0.33510638297872347,0.4417429336933981,0.19864665684041266,0.07902316233497717,0.6425675579061548,0.5475119623965581,0.09848413785903466,0.5325920082336301
18,Belgium,0.125,0.326613974273325,0.3085106382978724,0.4651551328840424,0.16950288087900314,0.08022940227921566,0.7210351239998771,0.563636590706115,0.11434214801728407,0.5180852399211867
19,Belgium,0.25,0.3112148059188153,0.3031914893617022,0.4905802531118728,0.17117781053195763,0.08124965013624372,0.5831186625946518,0.5941872249970798,0.11566652733241549,0.49966453822818957
20,Belgium,0.375,0.338396171846588,0.2819148936170213,0.5138976527475825,0.18156237438027606,0.0800795251603956,0.5529717529847165,0.6068106527438183,0.07095696328731832,0.4829605703284511
21,Belgium,0.5,0.3375063715776112,0.2712765957446809,0.5339988677249611,0.17988744472732135,0.08178776316526029,0.5474191825971095,0.6048718452073155,0.06463181909077431,0.46619725497683334
22,Belgium,0.625,0.3754766476341503,0.25,0.5653741795879046,0.17318772611550318,0.08348035135048915,0.5748706210271644,0.5435978115667061,0.07179171372758214,0.45184773667269557
23,Belgium,0.75,0.37154921822003734,0.23936170212765956,0.5988188737134988,0.16648800750368478,0.0854209289853319,0.5600535118428035,0.4915417633200791,0.0794903922065454,0.4397788479142218
24,Belgium,0.875,0.39869553572709876,0.2234042553191489,0.625330418118707,0.19094198043682173,0.08647789372689019,0.5355281663691988,0.5124002016046885,0.09962164317219661,0.4265369304314014
25,Belgium,1.0,0.389240175758466,0.20744680851063838,0.6589463671883611,0.20266648800750356,0.08746503619622707,0.5496991712121554,0.5316881290298643,0.09951480969644594,0.4125384480281405
26,Bulgaria,0.0,0.19737011688545203,0.18085106382978727,0.02969215785871444,0.17586761356023045,0.0014963635236411592,0.32414744775449067,0.3204243121944606,0.3931207688762359,0.6805839606638505
27,Bulgaria,0.125,0.20667535220663263,0.14893617021276598,0.03754842497114291,0.14638885166822982,0.0014819175362850098,0.3276005334764095,0.32081273684287376,0.3369494211211364,0.6446711775429959
28,Bulgaria,0.25,0.17525940861772088,0.14361702127659576,0.05279962455948059,0.165483049711912,0.001409687599504262,0.34016145419994,0.33811485784444817,0.3291631389737851,0.604479060416721
29,Bulgaria,0.375,0.18482625807948555,0.13297872340425532,0.04715711132381239,0.19295189602036705,0.0006265947015729875,0.3441264002279228,0.3828984660144291,0.3429566732468187,0.5626884478353342
30,Bulgaria,0.5,0.15279896194425543,0.15957446808510642,0.06941281919530687,0.20099155835454907,0.0006464579341876932,0.34235553866492496,0.3787792571089871,0.34411706443173956,0.5256172020284107
31,Bulgaria,0.625,0.17812216884935939,0.15957446808510642,0.07014997250779974,0.19864665684041266,0.00018659400335026524,0.3282405384864258,0.3963761413058252,0.3497434965244416,0.4956013504350794
32,Bulgaria,0.75,0.18524213610375573,0.16489361702127664,0.08873721722523109,0.17385769797668488,6.560885924251262e-05,0.3154154069217816,0.4051620147389964,0.3493126593477932,0.4688724164642421
33,Bulgaria,0.875,0.22194251690018793,0.17553191489361708,0.10386548755092534,0.24152485595604983,5.597820100507957e-05,0.3095285540784349,0.4117092492164591,0.3578263127784046,0.443156112350122
34,Bulgaria,1.0,0.16376218993074132,0.17553191489361708,0.11450537261884806,0.24051989816427705,0.0,0.31122258614588905,0.3906922649900709,0.36553669066343625,0.4160337646814295
35,Canada,0.0,0.46081672299805676,0.2180851063829787,0.470462574762113,0.6287685917191476,0.1548206560765541,0.6827215941361283,0.10910927920567338,0.03462336637902608,0.7992744529771956
36,Canada,0.125,0.469714727616953,0.20744680851063838,0.4761869066623986,0.6220688731073292,0.15692676064985275,0.6557463261117972,0.11155722758287134,0.03985617675654768,0.7846916813043933
37,Canada,0.25,0.4836782379632428,0.20744680851063838,0.4912990128606826,0.6150341685649202,0.15643499516360382,0.6774453358170606,0.10675530932531503,0.02521685836831069,0.7612272544976597
38,Canada,0.375,0.49760458556313336,0.19680851063829793,0.5139503500727923,0.6136942248425563,0.16011992577170164,0.6715250739923848,0.10534659023280127,0.015829732955708803,0.7336185269529435
39,Canada,0.5,0.49632309970850214,0.20212765957446815,0.5250689454453352,0.5979498861047833,0.1638909303877965,0.6611427033789358,0.11171068223672671,0.0,0.705213469978159
40,Canada,0.625,0.47274821781522464,0.19680851063829793,0.538331451816492,0.5929250971459199,0.16774981476030795,0.6086778994319505,0.1317258063367688,0.017199360160355198,0.6758675444731296
41,Canada,0.75,0.46487192443159786,0.19148936170212771,0.583448603884298,0.5885702800482376,0.20158171523227042,0.6868711205978544,0.1354006119002911,0.016850484307936973,0.6473436945963142
42,Canada,0.875,0.4916406322447772,0.16489361702127664,0.5997820387647452,0.5902452097011927,0.20117181034103968,0.7004780495102634,0.1393749851963015,0.03782347043389288,0.6221550975225209
43,Canada,1.0,0.4910350747063517,0.14361702127659576,0.6242485309251132,0.5785207021305103,0.2019952316203402,0.7436119615920757,0.15471659476601898,0.0454210778311392,0.5999319890447469
44,Switzerland,0.0,0.7072347775603121,0.1542553191489362,0.6316750615743191,0.6314484791638748,0.05399007199518949,0.6684798240847007,0.027566011773528822,0.14068093795579048,0.6979930854118362
45,Switzerland,0.125,0.7233909150228406,0.1542553191489362,0.6806437250403585,0.6468578319710572,0.0546323165163983,0.6827246059215509,0.026118287322499212,0.12898129178752005,0.6876684877136733
46,Switzerland,0.25,0.7268403756506747,0.1542553191489362,0.7260940008559265,0.6488677475546027,0.055059676975684396,0.6725841152228498,0.02085565652743682,0.11072664956523447,0.6758466761581464
47,Switzerland,0.375,0.696470979871914,0.1542553191489362,0.7772292425488022,0.6495377194157844,0.05568687359339722,0.6904223662568696,0.02385532898147648,0.09247046852181486,0.6637452109496141
48,Switzerland,0.5,0.7147915965253951,0.16489361702127664,0.817459020690636,0.6619321988476485,0.05633032194688572,0.7046475658165603,0.01804201563768196,0.07676039255130682,0.6511639340285583
49,Switzerland,0.625,0.7274291902761021,0.16489361702127664,0.8801254414539791,0.6699718611818303,0.056868434975902285,0.6880842002298249,0.03418127735521612,0.10286473599619017,0.639246215586914
50,Switzerland,0.75,0.724810474447241,0.16489361702127664,0.938871557407617,0.6840412702666487,0.0572079156787718,0.6787040771788708,0.02896345161507291,0.13639714367295194,0.6264241006864609
51,Switzerland,0.875,0.7249603234221194,0.1542553191489362,0.9695688231677162,0.6800214390995576,0.058480968314532485,0.6465209814443333,0.051581030016228435,0.18105402764986556,0.6101034762121555
52,Switzerland,1.0,0.7349451666806892,0.1542553191489362,1.0,0.6813613828219215,0.05870969644767152,0.6067118722289099,0.03882315939353046,0.16344021166408304,0.5913929260067773
53,Czechia,0.0,0.2645043772110656,0.14893617021276598,0.14695417948012537,0.3450355085086425,0.03804350770241988,0.5165138210278009,0.1751324462554544,0.3133348466165847,0.856756292688828
54,Czechia,0.125,0.2687925846661156,0.10638297872340424,0.15943691863962756,0.339005761758006,0.038265614758020684,0.4993737058250881,0.20506419095314757,0.31558645843077154,0.8088938702771399
55,Czechia,0.25,0.22405796630599153,0.11702127659574467,0.16374355591957693,0.3517352271204609,0.038723071024298755,0.48583768493179863,0.21912633645947832,0.3253310923732172,0.7510088421094115
56,Czechia,0.375,0.26782109831158246,0.12234042553191489,0.2095900847409274,0.3731743266782795,0.03968312726734286,0.4642123626852421,0.22437245013887952,0.33831668006914395,0.6938809174728024
57,Czechia,0.5,0.2702019332092508,0.15957446808510642,0.22220054747848098,0.3741792844700523,0.04027481083280515,0.47881908362726383,0.20194506796864545,0.35542212848582405,0.640865553528006
58,Czechia,0.625,0.2561323602998558,0.18085106382978727,0.21800372657102976,0.3778641297065523,0.04085806757230969,0.497315830915618,0.213645956064845,0.40132289287939776,0.5911953250185442
59,Czechia,0.75,0.201640662197403,0.21276595744680848,0.2352864350857566,0.3946134262360981,0.04209139374284096,0.4963961035998018,0.2185760401808056,0.39112982899670073,0.5432286643479541
60,Czechia,0.875,0.2500699799120742,0.24468085106382978,0.27630818062542384,0.40466300415382545,0.04258556689364924,0.5113039650012482,0.22176888701102299,0.406956571619142,0.4969227120843203
61,Czechia,1.0,0.33027537483095915,0.2553191489361702,0.30483293810042766,0.41605252579391666,0.042942503164574104,0.5252375437985777,0.2158436722878249,0.4225578169205127,0.45386478960030024
62,Germany,0.125,0.16090899654055868,0.08510638297872336,0.5101754802242664,0.4003081870561437,0.5257526810849659,0.08198936986891421,0.10045429386923653,0.47179621887200845,0.5504715824402685
63,Germany,0.375,0.18001371917069026,0.10106382978723402,0.56022370210755,0.40901782125150743,0.5422048549352008,0.5127741147393354,0.10493346165020687,0.4732224768771116,0.5551201899016365
64,Germany,0.625,0.17311056772034236,0.14361702127659576,0.6147314866098395,0.40298807450087093,0.5578889837910003,0.6328570925553837,0.10036285482006503,0.4696494215129356,0.5307954514262923
65,Germany,0.875,0.15792711180439076,0.18085106382978727,0.7049666532350499,0.4378266112823261,0.5719906751151616,0.5331979304857999,0.09831096802316555,0.47952512809239894,0.48924759880598656
66,Denmark,0.0,0.45723066072609175,0.3404255319148937,0.5079936244461853,0.5145383893876456,0.02713799108080664,0.5474734439588129,0.8321626085372839,0.2606850964834848,0.49857525548765813
67,Denmark,0.125,0.40902496584458053,0.2765957446808511,0.5157520407664145,0.4994640225110544,0.027176513713756373,0.5408982188734508,0.8327220856576686,0.27201397406745886,0.4749788082907076
68,Denmark,0.25,0.4038371157029807,0.26595744680851063,0.5285796312460398,0.4746750636473268,0.0281353661245208,0.5337140102894663,0.8565746814540296,0.2840144979651164,0.45259830926446615
69,Denmark,0.375,0.43283846559643474,0.23404255319148934,0.5440236145421625,0.4448613158247353,0.028556707422408494,0.5419441814844626,0.8694269803212124,0.2967482210218181,0.4362590354903961
70,Denmark,0.5,0.4883719281365389,0.24468085106382978,0.5597286718612895,0.4395015409352806,0.028778814478009295,0.5602061026912668,0.9617014619917511,0.3102844556703447,0.4249206775368016
71,Denmark,0.625,0.48355386989242455,0.2553191489361702,0.5790678966018082,0.4415114565188261,0.02906231697987373,0.6005922586903576,0.8729336143450575,0.3247015289977801,0.4155898811119256
72,Denmark,0.75,0.49242712957008,0.29787234042553196,0.6135172108009687,0.4525659922283263,0.029443931812532013,0.61557599123674,0.8513650191930338,0.34008832156664476,0.40633700699038905
73,Denmark,0.875,0.4719492091219935,0.2765957446808511,0.6486344286172084,0.4549108937424627,0.024803760290508806,0.587815679505135,0.8549733309527783,0.32618025971219045,0.3960189896105512
74,Denmark,1.0,0.4634699345520912,0.26595744680851063,0.677360993008869,0.4582607530483719,0.024829040768382066,0.5579344295047652,0.8148821002078519,0.32806981201488183,0.38553910414862635
75,Spain,0.0,0.20204264991213722,0.07446808510638304,0.2797026643918405,0.37364330698110665,0.1467730372868991,0.5507573089880209,0.12293578482925845,0.49906309257232545,0.7004912285876091
76,Spain,0.125,0.1788507141666053,0.0585106382978724,0.2840090126329909,0.37548572959935667,0.22303641412071187,0.5294734765771703,0.116540897590286,0.4997835337036697,0.672672295501248
77,Spain,0.25,0.06896261487968582,0.04787234042553196,0.280545331971092,0.3768256733217205,0.22417403562500865,0.4706451249317966,0.11014601035131351,0.5005056337060239,0.6457780247651703
78,Spain,0.375,0.10915771415908165,0.02127659574468087,0.2850442297223942,0.3641297065523247,0.2220950172780028,0.3911178242163328,0.17378965331737514,0.5012293816657626,0.6129773690865117
79,Spain,0.5,0.1282717275722696,0.04787234042553196,0.3001648022807903,0.34962481575773807,0.22622175433274286,0.39693517668764783,0.19181147141310564,0.509772611020297,0.5817951746821997
80,Spain,0.625,0.1515345861159243,0.05319148936170218,0.319214685847476,0.3456719817767654,0.22827609411801528,0.44177613969872,0.19402651384999792,0.5167309964839246,0.5621179223856274
81,Spain,0.75,0.1752602366000067,0.0585106382978724,0.34043583009675765,0.3376323194425834,0.22987839488226822,0.47459605485425327,0.1798839538777977,0.5281852388790078,0.5487225084563628
82,Spain,0.875,0.18429990248684586,0.04255319148936174,0.367880724330172,0.32436687659118313,0.23161070953272647,0.5050132590389315,0.17734161804838142,0.5426681977609542,0.5367623286533199
83,Spain,1.0,0.1667328521502512,0.015957446808510654,0.38577253557358054,0.3152887578721693,0.23438072760826817,0.5462146519549287,0.194925985387871,0.5461866631725605,0.5308396942292138
84,Estonia,0.0,0.803425764303395,0.26063829787234044,0.07155622900282066,0.41421010317566664,0.0038372153914772284,0.41129586911622273,0.3876377803636461,0.2602509852193174,0.6429933559022701
85,Estonia,0.125,0.8115004753851517,0.20212765957446815,0.07992613942593771,0.439267050783867,0.0039955193362550346,0.3959969279448375,0.36766904240611165,0.228392804022736,0.6181171659361772
86,Estonia,0.25,0.7500327710112571,0.17553191489361708,0.09176061014692188,0.4393675465630443,0.0043145348903700035,0.38498499390674973,0.39204810973218124,0.22047602766049543,0.5839908169325575
87,Estonia,0.375,0.7271294016572691,0.1542553191489362,0.11027965313870951,0.4399035240519897,0.004990486715409835,0.3854007872113501,0.3994543036913602,0.23117719718529317,0.5473001842735269
88,Estonia,0.5,0.6533514883458132,0.16489361702127664,0.13613555970468444,0.4334382955915851,0.0035934393548422046,0.40436839680580366,0.41942525957777177,0.2000812235631757,0.5085269705065574
89,Estonia,0.625,0.6882560789655704,0.1861702127659575,0.14957224243465458,0.45819375586225364,0.0038859705988042335,0.47077204754122015,0.45015517295320245,0.20085395187220126,0.47389894477978856
90,Estonia,0.75,0.6290229477303569,0.19680851063829793,0.17134492891435785,0.48569610076376796,0.004007557659051825,0.46339039725982084,0.4547895110728835,0.21750324350208491,0.44096967965864814
91,Estonia,0.875,0.6414602843581678,0.19148936170212771,0.1898286507933658,0.5059627495645181,0.004142988790515728,0.48201825464941017,0.4261185465478852,0.23590127984408535,0.41000155147223644
92,Estonia,1.0,0.767523195561303,0.23404255319148934,0.2180338320576097,0.5143708964223501,0.004309719561251288,0.527994878323168,0.426717647589008,0.1902092385298592,0.38730815610659164
93,Finland,0.0,0.41420748097916377,0.3404255319148937,0.3704335778726877,0.3920340345705481,0.03386259819509426,0.550167071564633,0.3455483939819357,0.1453125494694161,0.5564535582388397
94,Finland,0.125,0.3989320373308582,0.31914893617021284,0.3993349628367558,0.39240251909419793,0.03515310639891029,0.5513954805523916,0.39431330324843156,0.1343590351058905,0.5191070048884858
95,Finland,0.25,0.358301098458451,0.3031914893617022,0.418964299385156,0.38731073294921603,0.03512361250805815,0.5538771001797789,0.39836560905047846,0.12423558923747624,0.47474508544193184
96,Finland,0.375,0.3244426881497173,0.2765957446808511,0.43944860725761464,0.3670105855554065,0.03580859307519558,0.550821212803175,0.4158494948829755,0.11485127954014088,0.4289780325333188
97,Finland,0.5,0.3116500936843968,0.2553191489361702,0.44159696202363924,0.36124882754924287,0.03673313626598915,0.541267369815091,0.4154372599436165,0.09892539754761896,0.3855350201274634
98,Finland,0.625,0.30178961849664515,0.2234042553191489,0.44359038260373795,0.3606793514672382,0.03769259059289342,0.5242159157169457,0.4099013239246354,0.08492390414899245,0.3477087842095993
99,Finland,0.75,0.29251832639801284,0.18085106382978727,0.4592319157540182,0.34975881012997456,0.03855634025356319,0.5157156468435902,0.4216999210306716,0.07251789542571012,0.3168763312173132
100,Finland,0.875,0.2601072559398384,0.13829787234042554,0.47660194433238595,0.3586359372906336,0.03819940398263833,0.505029993003283,0.4189611558087681,0.06144934054038573,0.28854619734282577
101,Finland,1.0,0.24654573369410884,0.0957446808510638,0.49605219317578936,0.37726115503148866,0.03846183941960838,0.48436205288535256,0.42207596961529686,0.051513041514567585,0.2627408956008631
102,France,0.0,0.2004583397608424,0.42553191489361697,0.4373630121500919,0.28038322390459586,0.3506697219929925,0.5573231189015605,0.4609159043033892,0.7385568867740757,0.4449410324319811
103,France,0.125,0.18272451504074133,0.41489361702127653,0.45884952477142615,0.272008575639823,0.36649349539323484,0.5552718426543275,0.4562286481150107,0.781022685901407,0.4225922331890517
104,France,0.25,0.1706123562057264,0.41489361702127653,0.4684482743947639,0.27904328018223223,0.37402166055420827,0.5555268169888555,0.48081566580883617,0.8364706349327699,0.38855480736497194
105,France,0.375,0.16929021192598906,0.4042553191489362,0.5029056829050361,0.27803832239045945,0.38067524156399485,0.5621277421164801,0.5042300063635016,0.8536899451997418,0.354132126009568
106,France,0.5,0.16887185034068714,0.4095744680851064,0.5172704326123578,0.26698378668095935,0.3852768904530683,0.5523450467858908,0.5025259378375,0.9030476221595612,0.32128629616453014
107,France,0.625,0.16850877345284676,0.38829787234042556,0.5226317545068819,0.26363392737505015,0.38972264306192334,0.5295202382528565,0.5037755285366348,0.9279011113813689,0.29249585299405395
108,France,0.75,0.16379769738776426,0.3670212765957447,0.55753314552781,0.256934208763232,0.3918046709896284,0.5109446341654539,0.499201012877935,0.9508922450541444,0.26897086781101337
109,France,0.875,0.16430905891955194,0.351063829787234,0.5758634981673081,0.25123944794318637,0.3937873827542599,0.516278931339806,0.518633524274174,0.9749021219721362,0.247480206802069
110,France,1.0,0.1661061375616712,0.3404255319148937,0.5972638546368886,0.2505694760820044,0.3952355929867139,0.530112819796564,0.5372743531351402,1.0,0.22764628944813828
111,United Kingdom,0.0,0.520841134834616,0.3670212765957447,0.3831477690690155,0.47601500736969043,0.31451623096966885,0.6162841706067234,0.5752242363728528,0.4122980817023003,0.5447977094220339
112,United Kingdom,0.125,0.4712446727831693,0.36170212765957444,0.39206142148528633,0.4753450355085085,0.3306198953749366,0.6158016357077125,0.59419014448409,0.4122980817023003,0.5253312050761667
113,United Kingdom,0.25,0.4274015118140711,0.3670212765957447,0.408025362991093,0.4803698244673722,0.3298024932570344,0.5983496822113032,0.5688186474463236,0.4122980817023003,0.4973853285180094
114,United Kingdom,0.375,0.41334877248675045,0.31914893617021284,0.4262939774058114,0.4847246415650542,0.32918131580072,0.5931613822873847,0.5699520603940136,0.4122980817023003,0.4698635991324415
115,United Kingdom,0.5,0.43580480376912584,0.3085106382978724,0.44399137957447865,0.48673455714859976,0.3292511380729414,0.6066774364288893,0.561177084175887,0.4122980817023003,0.447343211745895
116,United Kingdom,0.625,0.4293737349458054,0.3031914893617022,0.4577286387048923,0.48907945866273617,0.3288346121041724,0.6180017186250741,0.5675096043426318,0.4122980817023003,0.42711909944367604
117,United Kingdom,0.75,0.4245976236886984,0.29787234042553196,0.47677380184885737,0.49544419134396345,0.3267959221385358,0.6110145277630615,0.5809627595232241,0.4122980817023003,0.4077880515050856
118,United Kingdom,0.875,0.42806640068798685,0.2712765957446809,0.49279981919962307,0.49477421948278155,0.32536155597729816,0.5951129126903331,0.5858608070799827,0.4122980817023003,0.3891620092391072
119,United Kingdom,1.0,0.4116933557877693,0.23936170212765956,0.5128035585636951,0.5004689803028272,0.31744033957700946,0.580235214923548,0.584093399696371,0.4122980817023003,0.3731362159957115
120,Croatia,0.0,0.28842863020386295,0.12234042553191489,0.10334366610242993,0.14873375318236626,0.004125533222460381,0.4115463849225592,0.3750359036703524,0.5108443944833241,0.6039785832228536
121,Croatia,0.125,0.2531051253032659,0.0957446808510638,0.1052435713362315,0.1239447943186387,0.004010567239751023,0.3875535969680784,0.3548718867655125,0.5108443944833241,0.6102442845407684
122,Croatia,0.25,0.28666613911347066,0.1542553191489362,0.10956623543655324,0.10820045558086548,0.004149609868053963,0.3955769793567844,0.3736858090887204,0.5108443944833241,0.6053325068882989
123,Croatia,0.375,0.2581587649564744,0.12234042553191489,0.07903160081318421,0.09044620125954718,0.0040701569375951405,0.4010760769810637,0.39119171000820663,0.4248366036611086,0.5948588864789284
124,Croatia,0.5,0.27074098305127436,0.12234042553191489,0.08652527991105437,0.14136406270936616,0.004465615841469735,0.37497836844067567,0.37988372097289014,0.4384919932680832,0.5774140766844194
125,Croatia,0.625,0.2527729572140771,0.0957446808510638,0.09716061547562158,0.15375854214122991,0.003601264264660119,0.2905568199909096,0.4107418497770741,0.45502469464140904,0.5560374233748828
126,Croatia,0.75,0.26033474272248464,0.10638297872340424,0.11606517145006047,0.10652552592791101,0.00411229106738391,0.31602283651900626,0.42725841155842526,0.4587412532615505,0.5338236027026776
127,Croatia,0.875,0.2793626553342214,0.10106382978723402,0.13050210900567166,0.11624011791504751,0.0035838086966047717,0.21428762815097346,0.4327906253261341,0.4261979801652068,0.5070045050004844
128,Croatia,1.0,0.25432507096938417,0.1276595744680851,0.15019956141178614,0.10217070883022902,0.003825177068680437,0.2765010588848478,0.4249011004988522,0.43727585528633567,0.47537481552432337
129,Hungary,0.0,0.3267909593451837,0.010638297872340436,0.10585449062749666,0.0753718343829559,0.0484343860244703,0.4117099375517839,0.48277389666040277,0.4065905395481233,0.7513954939262455
130,Hungary,0.125,0.23640828280579387,0.0,0.11990937550110636,0.08200455580865604,0.048577040149612276,0.4000933426199392,0.42955055206714676,0.42205350921993406,0.7467840931435418
131,Hungary,0.25,0.16191746160255804,0.0585106382978724,0.12015003146409413,0.10803296261557017,0.048635426015176716,0.35287929728980394,0.49241849790275644,0.44356070637914374,0.7320960751210476
132,Hungary,0.375,0.15156632202875345,0.06382978723404262,0.1270667862614939,0.125887712716066,0.04883466025746361,0.4017122034159194,0.4924249778489276,0.4924711538974689,0.7097057025786125
133,Hungary,0.5,0.24574773779374834,0.11170212765957445,0.1318720670448554,0.1766045826075304,0.048883415464790615,0.4029255854823555,0.49760356810709483,0.5051794918622718,0.6805944647115856
134,Hungary,0.625,0.2392870481549387,0.11702127659574467,0.13541900040661814,0.21291705748358572,0.049153675811578576,0.40931130083706324,0.5050634126745723,0.5113109083003062,0.6504250460218896
135,Hungary,0.75,0.2664185567011023,0.15957446808510642,0.1510395142852935,0.24450623073830893,0.04898152779558446,0.3977131309097037,0.4992915197291554,0.5336337243150425,0.6200925513643831
136,Hungary,0.875,0.28898819344205745,0.16489361702127664,0.15602650970631438,0.2647058823529412,0.04901643893169516,0.4036381873233738,0.4928832037449568,0.542652307522861,0.5929723938432009
137,Hungary,1.0,0.2908935413782624,0.17021276595744686,0.1712517959593155,0.28048371968377317,0.04925058431009275,0.4318101664485294,0.4809464323893677,0.5701773975921902,0.5663058771772026
138,Ireland,0.0,0.25106644578996845,0.4361702127659574,0.5060726023697719,0.48438965563446335,0.014447793104569085,0.5678694843508242,0.45703726890736757,0.16798628218445769,0.6604373908266921
139,Ireland,0.125,0.27552915561044944,0.42553191489361697,0.5392864784659623,0.4629505560766447,0.015421693418829503,0.5458276340844582,0.4571244435295752,0.17384037249599288,0.6096169937797963
140,Ireland,0.25,0.29999186552738705,0.398936170212766,0.557786439861973,0.45223100629773544,0.015871324775289658,0.5433302432998294,0.4804398272097169,0.18415728419591518,0.5679392463442762
141,Ireland,0.375,0.32445457534786803,0.3723404255319149,0.5588096236020936,0.4629505560766447,0.015495127187889928,0.5641567670466876,0.4946031957128432,0.1997128232355181,0.5354698339535146
142,Ireland,0.5,0.3489172851683492,0.351063829787234,0.5523725482874338,0.4559158515342355,0.016023609558669067,0.6055708864508629,0.49955119159246314,0.21637008181169842,0.5164305762605822
143,Ireland,0.625,0.3733799949888302,0.3297872340425533,0.5767358848954984,0.4582607530483719,0.0168668940705843,0.6488888869280278,0.3500618396592055,0.23457536170781992,0.5063349716649616
144,Ireland,0.75,0.3978427049057678,0.3085106382978724,0.6146636751682238,0.4703202465496448,0.017041449751137774,0.6861591758883878,0.3619771577250936,0.25154587406420986,0.49819827663240773
145,Ireland,0.875,0.4223054147262488,0.2872340425531915,0.6455194094436684,0.46362052793782643,0.017243693574123867,0.6780243363719414,0.33182223836622304,0.2202143189314627,0.49343343106126575
146,Ireland,1.0,0.44676812454672993,0.2765957446808511,0.6834839426170134,0.4696502746884629,0.0175560880507006,0.7084500725306723,0.32624047662506844,0.2203146151458001,0.4902648262252187
147,Iceland,0.0,0.6601934674926015,0.5159574468085107,0.33796265151443367,0.8961878601098753,0.0002738718436270022,0.42834299777354684,0.40149270838606077,0.2624658072034138,0.6145489651544667
148,Iceland,0.125,0.6008282420238139,0.42021276595744683,0.34234947896215145,0.8746147661798201,0.00022812621699919524,0.5193713899914054,0.4137386307306966,0.23793111588334828,0.5979253041827739
149,Iceland,0.25,0.6478213508674,0.4308510638297873,0.3530391321838396,0.8772946536245474,0.00022571855243983698,0.5652799223581975,0.44544746279958813,0.2301263460551387,0.583278076233257
150,Iceland,0.375,0.7385333442429068,0.3723404255319149,0.37946288813014045,0.9015476349993298,0.00025220286259277784,0.6490996780787074,0.45073078143554657,0.22735746115379743,0.569152150491026
151,Iceland,0.5,0.7028189832822446,0.3723404255319149,0.40045330552515757,0.9449283130108533,0.000301860944129542,0.6828513755919111,0.5483284122059024,0.21948950143646773,0.5579139065123134
152,Iceland,0.625,0.7496225966506085,0.3031914893617022,0.42568639498855254,0.9720621733887176,0.0003084820216677772,0.6685572718186833,0.4862788704217966,0.22569084147028665,0.5528895934136018
153,Iceland,0.75,0.6322438181135983,0.2712765957446809,0.474656784522448,1.0,0.0003277433381426433,0.7386744863911449,1.0,0.21764481504641406,0.5576724501562007
154,Iceland,0.875,0.7684222865168794,0.2553191489361702,0.5108575957321223,0.9727656438429585,0.0003310538769117609,0.9326338686945193,0.5287499564079126,0.2242976299218771,0.5753967799006412
155,Iceland,1.0,0.7857894464580538,0.2553191489361702,0.5375059163180297,0.9382620929920942,0.00033948070286951484,1.0,0.4962245051643177,0.2293217172200513,0.5965015100258027
156,Israel,0.0,0.8291366089986469,0.9574468085106382,0.1714494006546387,0.5064987270534635,0.009908743494038924,0.8275353058774421,0.4654654757494108,0.4955417459637022,0.25429822944038777
157,Israel,0.125,0.8315886422705552,0.9308510638297873,0.18769982832768606,0.4991290365804635,0.009960508282065126,0.8318551663472331,0.47297555711164135,0.6224467860645625,0.23814651449016352
158,Israel,0.25,0.8882415081170995,0.9680851063829787,0.2055142686202745,0.5172182768323729,0.01021752647377662,0.8314649102199853,0.4526400319630105,0.6159976412600422,0.21627158401006427
159,Israel,0.375,0.9089594247866313,0.9574468085106382,0.2289010503594728,0.5205681361382821,0.010391480238190256,0.8354963381498233,0.4817627985487481,0.634559152791875,0.1958592375315418
160,Israel,0.5,0.9670213633108242,0.9840425531914895,0.23375361810807735,0.5383223904596004,0.01038485916065202,0.8463318994163787,0.4919713227521579,0.6330389503022218,0.17913427293148193
161,Israel,0.625,0.9905083048814279,0.9893617021276596,0.24443274305068832,0.5343025592925097,0.010398703231868329,0.8588395146979939,0.4992792720663407,0.6349456806507637,0.15964446854597678
162,Israel,0.75,0.9858584927535458,1.0,0.2722161791485224,0.5359774889454643,0.010302396649493999,0.8545977317470171,0.49842410402784215,0.6497220086880532,0.13689355578927712
163,Israel,0.875,1.0,1.0,0.2897376410596418,0.5312876859171914,0.010116404562283573,0.8502175391462645,0.5397143027857533,0.6389023499359365,0.11657013097094236
164,Israel,1.0,0.9895667152078712,0.9893617021276596,0.30145263982482173,0.528942784403055,0.00998097343081967,0.8477658937521819,0.4864909488980568,0.6340722304960233,0.10319432809196105
165,Italy,0.0,0.08328745432269072,0.12234042553191489,0.3129919964887667,0.002009915583545567,0.1268785050329218,0.5198014129085158,0.5203990665734065,0.5128241151562936,0.505080394701076
166,Italy,0.125,0.04002906085870885,0.11170212765957445,0.3228716013299746,0.0,0.13159511990470463,0.4923305325811305,0.5192619193260953,0.5128241151562936,0.49014023015397923
167,Italy,0.25,0.01687870373294847,0.10638297872340424,0.3229640594529059,0.03148867747554595,0.13365668268365516,0.5120936928977953,0.5639867838786615,0.5128241151562936,0.46692217784937934
168,Italy,0.375,0.017131302955962855,0.08510638297872336,0.3234316487039629,0.021774085488409436,0.13959879881615134,0.6923207064792629,0.5705987159232297,0.5128241151562936,0.445553140297313
169,Italy,0.5,0.009540448845321549,0.07446808510638304,0.3226154268139941,0.03081870561436425,0.142657736638816,0.6433504244093851,0.560346199756319,0.5128241151562936,0.4250719709212346
170,Italy,0.625,0.009684502137111969,0.06382978723404262,0.3300413166516629,0.027803832239045898,0.1458509017606649,0.4379704342286482,0.5568506288704917,0.5128241151562936,0.410176766311729
171,Italy,0.75,0.0018260548390606484,0.0585106382978724,0.359561741754156,0.04555808656036444,0.1461717230631994,0.42308005609167976,0.5682374330394471,0.5128241151562936,0.40055134680731935
172,Italy,0.875,0.007161821836111124,0.04787234042553196,0.3763798052944052,0.05594265040868288,0.15024850107833276,0.42713607216640426,0.5549281347981332,0.5128241151562936,0.3940581823754478
173,Italy,1.0,0.0258695239700282,0.03191489361702131,0.3937098392856651,0.05962749564518293,0.17284744254860923,0.4189923155935745,0.5395923514656101,0.5128241151562936,0.38926445618069117
174,Japan,0.0,0.09077095836934701,0.08510638297872336,0.32145707021479836,0.38322390459600686,0.4260789798243729,0.4611314196361249,0.09693795610534578,0.13761986257061293,0.32980125162668433
175,Japan,0.125,0.06690318642353252,0.08510638297872336,0.401931579493432,0.3721693688865067,0.4476095201464342,0.4199721696361004,0.09693795610534578,0.1411194801517339,0.30817768368498266
176,Japan,0.25,0.06374781219775667,0.0957446808510638,0.4309460787844676,0.3641297065523247,0.4628614732138289,0.4251408637849371,0.09693795610534578,0.13812382103518941,0.26507315352492195
177,Japan,0.375,0.05983822800111117,0.10638297872340424,0.45708446212496484,0.3721693688865067,0.4668317120722107,0.42826827377287013,0.09693795610534578,0.12973715854582188,0.20196724822874795
178,Japan,0.5,0.06665518663054125,0.10106382978723402,0.4623922314170421,0.37853410156773404,0.4769029729240063,0.43061354083152575,0.09693795610534578,0.12825730372802993,0.13836340077937298
179,Japan,0.625,0.05120984070851888,0.11702127659574467,0.48355003153435605,0.38054401715127956,0.49442053834175714,0.43599562406943626,0.09693795610534578,0.12883774487705438,0.08664745218780333
180,Japan,0.75,0.034014974003887755,0.11170212765957445,0.47501697571950807,0.3969583277502345,0.4975216102942106,0.4471343642401774,0.09693795610534578,0.12709082274032327,0.04947470903499111
181,Japan,0.875,0.029877903410421725,0.10638297872340424,0.4882448124038413,0.4120326946268255,0.5081568665690359,0.44090804663637834,0.09693795610534578,0.12921557457676716,0.021060486562562698
182,Japan,1.0,0.02758096171511602,0.10106382978723402,0.5043970285305198,0.4458662736165081,0.5605410263031334,0.4317913040990934,0.09693795610534578,0.12878982314939869,0.0
183,Lithuania,0.0,0.5908831378637934,0.14361702127659576,0.0694971880421713,0.29076778775291434,0.009953887204526892,0.03271892817530019,0.2547966783188277,0.02943861960628595,0.6293887657930952
184,Lithuania,0.125,0.5100658385711602,0.17021276595744686,0.0862062269367267,0.3098619857965965,0.009810029247105235,0.0,0.2381838464447137,0.03561095122468499,0.6199265840676023
185,Lithuania,0.25,0.6891468910628531,0.19680851063829793,0.09564688404010586,0.3212515074366875,0.00998398301151887,0.18580818215594572,0.23982184354761932,0.037707131190711535,0.609948641975297
186,Lithuania,0.375,0.665803267399959,0.19148936170212771,0.10747516492172565,0.3302961275626423,0.010117608394563252,0.2524925753310999,0.24227469766817064,0.045246874547868986,0.5965791474504335
187,Lithuania,0.5,0.642162337907612,0.21276595744680848,0.12242437475888249,0.3614498191075974,0.010095337497389188,0.2833194236571898,0.250368544589056,0.05377050303178868,0.5784145669097784
188,Lithuania,0.625,0.6353756427830902,0.25,0.1390311019474584,0.36915449551118834,0.010275310423201218,0.2669262897815298,0.279922277854001,0.06410673184807408,0.5562813942603942
189,Lithuania,0.75,0.5902538472124329,0.24468085106382978,0.1631444401345947,0.4083478493903255,0.010838703930091053,0.20009075715975197,0.2880716108630502,0.06618001502871652,0.5311018829182064
190,Lithuania,0.875,0.562807740121974,0.21276595744680848,0.18123739489346163,0.4173924695162803,0.011110770025298535,0.1742374379501608,0.2784002051429786,0.06588194210097084,0.5041572934861145
191,Lithuania,1.0,0.528096048926049,0.21276595744680848,0.20820170319995535,0.4492161329224171,0.01126967588621618,0.2642044480583277,0.2829875106401846,0.06621653201818041,0.47970291240817153
192,Latvia,0.0,0.5378594763718085,0.06914893617021284,0.031114801792194995,0.3597748894546429,0.0024540121021259078,0.03588675803328155,0.38191842200519927,0.37467093646968225,0.6353365500692507
193,Latvia,0.125,0.6140895155533781,0.05319148936170218,0.03463734594034831,0.34771539595337,0.0029554082466122654,0.08866351452248214,0.4143214716646479,0.37103930767978816,0.6146550243580714
194,Latvia,0.25,0.6655185636075107,0.11170212765957445,0.04173236582525911,0.3882486935548705,0.003341236492249427,0.2062357433902004,0.43072999487046126,0.37194466927421543,0.5846010430790605
195,Latvia,0.375,0.6845390259219781,0.1542553191489362,0.05149224137903921,0.37819911563714315,0.0033129464336769674,0.24053548841497455,0.4538985219167361,0.375723730225098,0.5471299681057704
196,Latvia,0.5,0.7081711238604931,0.2234042553191489,0.062164933847550174,0.37283934074768865,0.00211814289609543,0.26672583690639706,0.4642072501708796,0.4032323407205807,0.5075889978633434
197,Latvia,0.625,0.7109078609248499,0.25,0.07703127160702805,0.39963821519496173,0.0019947500874283194,0.29166544041948783,0.47591701514616536,0.3883990544740827,0.4717509069011121
198,Latvia,0.75,0.6708093491936571,0.2712765957446809,0.10774101502510998,0.41136272276564384,0.0019803041000721697,0.2723689889485844,0.5143155048783025,0.41857809805920493,0.435558610667415
199,Latvia,0.875,0.6838622690447478,0.24468085106382978,0.11761066898442729,0.42509714591987124,0.0019514121253598705,0.2779740048756909,0.513476078867981,0.4497737894735314,0.3990689717121159
200,Latvia,1.0,0.6720290180297239,0.19680851063829793,0.1448501233121002,0.44553128768591704,0.0018659400335026524,0.2996644461446083,0.4910050265972755,0.4470460707659313,0.36987237278891727
201,Netherlands,0.0,0.3724465613844885,0.29787234042553196,0.5097728133876585,0.5594265040868284,0.10240760436774428,0.5613951417204545,0.4276463095218809,0.4143878990249145,0.6218052824218688
202,Netherlands,0.125,0.3703558569199258,0.2819148936170213,0.5361756523962418,0.549376926169101,0.10243770017473626,0.5519768667540924,0.40159613554219187,0.4071143935511914,0.5966842608567274
203,Netherlands,0.25,0.3755500538968482,0.26063829787234044,0.5647407590888195,0.5647862789762829,0.1432783121789906,0.5324546010599847,0.3733102661905023,0.4194131649945956,0.5619898940957097
204,Netherlands,0.375,0.35869784318563513,0.23936170212765956,0.5960305863661451,0.5631113493233284,0.1427275589110374,0.5172145288687603,0.38309855638372947,0.40583390883606707,0.536875370803825
205,Netherlands,0.5,0.3813442891733335,0.2553191489361702,0.5952509574141044,0.5443521372102371,0.14313746380226813,0.5303829630527899,0.4156061653998489,0.445788995776569,0.5185715734569417
206,Netherlands,0.625,0.38343214238482426,0.22872340425531912,0.5939268374719469,0.544017151279646,0.1403481844102516,0.5472755213642636,0.43365099825127235,0.4619736507329814,0.505793011573098
207,Netherlands,0.75,0.4094066247808157,0.22872340425531912,0.6204801486640177,0.5343025592925097,0.13981789629105293,0.5652957520576765,0.4592790724479225,0.5274821722387653,0.4961349745960967
208,Netherlands,0.875,0.40806240364208457,0.20744680851063838,0.6457674825722578,0.5316226718477824,0.14008755472170106,0.5772522415998973,0.49991406307023084,0.5991690496839834,0.484920173476214
209,Netherlands,1.0,0.3970185938036407,0.19148936170212771,0.6765874783705177,0.540332306043146,0.14147497142403126,0.5757795787995319,0.498908509952888,0.6479836428333723,0.4736316586611094
210,Norway,0.0,0.3612724967372365,0.3829787234042553,0.5921875552084177,0.5861248827549242,0.023602937591528872,0.7098256585266194,0.6258442856558319,0.2810793221586762,0.5582733657068385
211,Norway,0.125,0.33883927837313077,0.3457446808510638,0.6331556962982829,0.5709835186922149,0.0235927050171516,0.7202626275754163,0.6536647744577941,0.2775987706805419,0.5521021271299088
212,Norway,0.25,0.33152402015333693,0.3297872340425533,0.6715737503987317,0.5753718343829559,0.023864771112359084,0.7235546860870545,0.6302772611005898,0.27417625786049754,0.5447592986560291
213,Norway,0.375,0.3093216925204873,0.29255319148936176,0.7040283387164,0.5665617044084147,0.02368961351566577,0.7024269343712681,0.5661660427199052,0.2708103649272848,0.5372780441992157
214,Norway,0.5,0.31203451224006334,0.2765957446808511,0.7285257735416397,0.5572825941310463,0.023610762501346787,0.6859368800739141,0.5111531200602307,0.27018644389600566,0.530119810291261
215,Norway,0.625,0.3136030920783175,0.26063829787234044,0.7216582099090657,0.5615369154495512,0.02324840898516337,0.6590658026474149,0.4655937386830818,0.2702321392441483,0.5229761629328511
216,Norway,0.75,0.30135101938065906,0.2553191489361702,0.7391547256217338,0.5455915851534237,0.023119598931237703,0.635949737367247,0.46118153390301153,0.30143734733953054,0.5127414623195731
217,Norway,0.875,0.3096056593855518,0.20744680851063838,0.7881214446078306,0.5190606994506229,0.02306362073023262,0.6211021633291689,0.4725298539250158,0.3309115999316501,0.4996288288720166
218,Norway,1.0,0.3093309832070872,0.17553191489361708,0.8409542349814536,0.5283398097279913,0.022898093791776743,0.5912066606235035,0.5077649250907625,0.36467819217503344,0.48741757900605037
219,New Zealand,0.0,0.8604327835609377,0.5,0.293770297727204,0.6528875787216935,0.019736228309199504,0.6826936358625038,0.6054837161211095,0.1317419369019381,0.5559480611022931
220,New Zealand,0.125,0.6605308799197309,0.45744680851063824,0.30968718537674256,0.6612622269864663,0.020578910904974896,0.6119474159410588,0.588785788481297,0.1336945590438739,0.5401571013547977
221,New Zealand,0.25,0.8479295835659032,0.4627659574468086,0.3188445353314228,0.65154763499933,0.020480196658041207,0.5685453358464735,0.6315688850459649,0.1358903476658588,0.5202104685112813
222,New Zealand,0.375,0.817727514673274,0.41489361702127653,0.3465377460085737,0.6572423958193756,0.020941866337298155,0.6131361278224486,0.6248918722968029,0.13801334240866742,0.5037237407580907
223,New Zealand,0.5,0.8258671689275893,0.3670212765957447,0.3631570937415441,0.6883960873643306,0.02125606656229441,0.7939615536734514,0.6296294017692191,0.13971199358174077,0.49808515015780497
224,New Zealand,0.625,0.8469296734205976,0.4042553191489362,0.36120677301049,0.6914109607396489,0.021454698888441464,0.869929102482021,0.6490483064489097,0.14084216493885976,0.498879089645429
225,New Zealand,0.75,0.8325263678981697,0.3404255319148937,0.3930644706248153,0.7312742864799677,0.02225043202530937,0.9124680781636865,0.6445036273209387,0.13893733356107885,0.49903649766645714
226,New Zealand,0.875,0.8103546719445508,0.3085106382978724,0.4082600977411708,0.7630979498861047,0.02234613669154386,0.8806021857441613,0.6461091183232814,0.1350715311181883,0.4971638858407547
227,New Zealand,1.0,0.767885903696082,0.2553191489361702,0.4152892019469463,0.7627629639555137,0.022489392732825676,0.8203416515338225,0.6510835100694791,0.13326959339751002,0.4962634480564762
228,Poland,0.0,0.40879150069030373,0.0957446808510638,0.06975462050290597,0.2628299611416319,0.03722971708135679,0.3996378301290259,0.2773789068993117,0.21795695563686718,0.9501877210907573
229,Poland,0.125,0.43087700411237423,0.05319148936170218,0.07962882178826206,0.26973067131180484,0.03839803630878539,0.4683852215709887,0.28285755267597024,0.21412416690979497,0.940876061677994
230,Poland,0.25,0.44765755635201454,0.05319148936170218,0.0868962712796211,0.28048371968377317,0.03892531484728485,0.4574447540328121,0.25942991521943737,0.2136479181392557,0.915615341671687
231,Poland,0.375,0.4335377585618831,0.03191489361702131,0.10011705019169923,0.28239313948814143,0.03987453659981184,0.44526615746976916,0.2473186565797808,0.21630829978021163,0.8830429984253765
232,Poland,0.5,0.43856683750569664,0.04787234042553196,0.10715540459161782,0.29405064987270524,0.041046467324079475,0.4423317101916617,0.2462164319875439,0.22000888085325954,0.8466703215516078
233,Poland,0.625,0.46415092200982655,0.04787234042553196,0.11942079201758714,0.28875787216936877,0.041874703932498716,0.443993808987822,0.24601607483337937,0.2269943321070457,0.8076068969065409
234,Poland,0.75,0.40786416921123575,0.08510638297872336,0.13765811226686062,0.2940841484657643,0.04236045025734925,0.448785758517312,0.2670383882165183,0.23081831353869128,0.7627563793284196
235,Poland,0.875,0.3882661149809122,0.13297872340425532,0.154185591521493,0.30219080798606457,0.04339454218559362,0.46002125563713236,0.2854036947508612,0.23164885131968044,0.71189026418673
236,Poland,1.0,0.40357163857747524,0.12234042553191489,0.16090840822498173,0.30034838536781455,0.04400970048050965,0.45745264264995733,0.30265303469067495,0.23878588191197941,0.6594942273135732
237,Romania,0.0,0.03784876010690083,0.19148936170212771,0.01867501168894403,0.2254455312876858,0.01428768341137176,0.33717588354559996,0.26435643199146613,0.49063583139772005,0.7339727686888847
238,Romania,0.125,0.23785516255902045,0.1276595744680851,0.0,0.1999866005627763,0.015274825880708647,0.3578566826989507,0.2978722664486708,0.4856376530454476,0.718913796805903
239,Romania,0.25,0.004250767878599374,0.1542553191489362,0.00709993909665099,0.21673589709232205,0.015120735348909719,0.36731424740683843,0.29583818952082447,0.372654207694121,0.7084022974041163
240,Romania,0.375,0.0,0.12234042553191489,0.025419035879462683,0.2140560096475948,0.015178519298334317,0.38227490317038976,0.3166386866080428,0.3786475558614717,0.6987409535550685
241,Romania,0.5,0.05655848599388629,0.17553191489361708,0.026676720035945577,0.2254455312876858,0.015628752570934313,0.38161606295508904,0.3227789061792818,0.37758263706861,0.6803943484342766
242,Romania,0.625,0.06345197867976819,0.20744680851063838,0.03083504026774617,0.21439099557818564,0.021454096972301624,0.36227550446601636,0.35646186775645033,0.37683444258872795,0.6527759699585971
243,Romania,0.75,0.1690543545549518,0.24468085106382978,0.05055396115312816,0.18692214926973058,0.02183390605654039,0.34128768348533944,0.2942860613433656,0.3705621858192437,0.6215637500981008
244,Romania,0.875,0.06392608505986429,0.2553191489361702,0.07549393315894642,0.2277904328018222,0.022161348436613115,0.34040728723498137,0.2417738037500437,0.3731470342611323,0.5862724697625409
245,Romania,1.0,0.12107154683315076,0.2819148936170213,0.107132118733273,0.22913037652418583,0.022322661962090116,0.33848566523064144,0.2003512648972604,0.3749696314740566,0.5501713438316365
246,Slovak Republic,0.0,0.2790374774449689,0.10638297872340424,0.15085066947959702,0.36345973469114295,0.018517348126024385,0.4763707806100626,0.22170181867313143,0.29214421006597907,1.0
247,Slovak Republic,0.125,0.23907308456852672,0.11702127659574467,0.1468736047437855,0.3560900442181429,0.018493271480430805,0.4836116228330631,0.25495074020945774,0.29214421006597907,0.9891331710054451
248,Slovak Republic,0.25,0.18588163696118604,0.0585106382978724,0.16276964717097714,0.3708294251641431,0.020202111401435328,0.49196703673860537,0.23934494030143028,0.29214421006597907,0.9708411699161175
249,Slovak Republic,0.375,0.18041543101993793,0.0585106382978724,0.17169990094707852,0.3731743266782795,0.020373657501289607,0.47926076900887105,0.27984868654012146,0.29214421006597907,0.9455571316379364
250,Slovak Republic,0.5,0.14355922200888868,0.07446808510638304,0.15786303774015012,0.3755192281924159,0.021339130989592267,0.47715150900493014,0.3054276499462643,0.29214421006597907,0.9156708588343712
251,Slovak Republic,0.625,0.12374048812148698,0.09042553191489358,0.16246709676073237,0.38523382017955243,0.022943839418404548,0.4767440341673987,0.32856439654680675,0.29214421006597907,0.8809934655266368
252,Slovak Republic,0.75,0.11682611415448087,0.13297872340425532,0.17300133297650463,0.39896824333377984,0.023229147668688502,0.4836087599353379,0.3280093150082676,0.29214421006597907,0.8366838786786457
253,Slovak Republic,0.875,0.1907273836119926,0.1542553191489362,0.16313893274795013,0.39561838402787086,0.023416945504318446,0.48892752802156214,0.3443295881906919,0.29214421006597907,0.7855712401382171
254,Slovak Republic,1.0,0.1967601440523929,0.16489361702127664,0.17055226259784662,0.3902586091384161,0.02411637205881202,0.4855505451827098,0.3436710447279297,0.29214421006597907,0.7349792360493824
255,Slovenia,0.0,0.48665258009330553,0.18085106382978727,0.2103717134223236,0.36948948144177945,0.010257854855145871,0.5458290613806708,0.32682270171628175,0.5417425695647831,0.8120209694248943
256,Slovenia,0.125,0.4554061703144186,0.17553191489361708,0.22229870527234255,0.32761624011791507,0.010378839999253623,0.499573242686387,0.31931354773266285,0.5656270816716656,0.7948930404733211
257,Slovenia,0.25,0.4911254987829699,0.1861702127659575,0.23049950404757844,0.3148867747554602,0.010767677825589983,0.5000374490034214,0.3202826700859124,0.5912650640903179,0.7605143823743156
258,Slovenia,0.375,0.2720548483762614,0.17021276595744686,0.2424834325946076,0.3048371968377328,0.010915147279850677,0.48498701416087786,0.3214032525749492,0.5698094447231602,0.7214535315134183
259,Slovenia,0.5,0.37570707730350905,0.1861702127659575,0.24309278326523448,0.31924159185314216,0.010918758776689713,0.4774161644834533,0.33066149769824277,0.5427657328281504,0.6790603639993861
260,Slovenia,0.625,0.3487451035319348,0.18085106382978727,0.2516653639111008,0.3075170842824601,0.011107158528459497,0.4727244329849453,0.3418514920911302,0.517726657412131,0.636360846278832
261,Slovenia,0.75,0.4008232196707793,0.1861702127659575,0.2767739624314112,0.2833980972799142,0.01114628307754907,0.4723206167334052,0.3457336332123859,0.4944772746294679,0.5968041294607604
262,Slovenia,0.875,0.4331578474167732,0.20744680851063838,0.2925018339476413,0.34470052257805167,0.01121610534977046,0.47069233873991934,0.3364896099599018,0.4728323475219517,0.557032548764406
263,Slovenia,1.0,0.43673581506229037,0.19680851063829793,0.32622710541105504,0.3574299879405065,0.011423766418015109,0.5309412862463039,0.34277762352653685,0.5103110892809506,0.5154816908636459
264,Sweden,0.0,0.4705067451456829,0.398936170212766,0.36573795315687835,0.5033833578989683,0.0789232442557638,0.6301876445141974,0.6484177929530477,0.6363260032079728,0.4745026931643029
265,Sweden,0.125,0.4704269910830978,0.35638297872340424,0.5203658042238474,0.5141699048639955,0.07803120453652156,0.6104626590031581,0.6220220826597054,0.6363260032079728,0.4427630777308676
266,Sweden,0.25,0.46197862405791273,0.36170212765957444,0.5520433520108474,0.5154763499933002,0.07618272007107425,0.6073457685893966,0.6107027392605708,0.6363260032079728,0.4090663440516838
267,Sweden,0.375,0.4534687178087796,0.351063829787234,0.5762407211525045,0.5272343561570413,0.07532739723636224,0.6291391556739679,0.6163355109562267,0.6363260032079728,0.37577230048077565
268,Sweden,0.5,0.4817539401901461,0.3457446808510638,0.5924838422948577,0.5285073026932868,0.07325740763145397,0.658485442859269,0.6179654866128044,0.6363260032079728,0.3449188530671986
269,Sweden,0.625,0.49908807633178576,0.3297872340425533,0.611562883807089,0.5287417928447005,0.07421746387449808,0.6716999769283626,0.6393754332399659,0.6363260032079728,0.3190568293155342
270,Sweden,0.75,0.5299748124962471,0.3297872340425533,0.6359938529085486,0.5333645986868549,0.07497046096543737,0.712010925801391,0.6732369038399991,0.6363260032079728,0.29841113754748405
271,Sweden,0.875,0.556758330234889,0.29255319148936176,0.6529720135970742,0.5431461878601097,0.0827737018023175,0.7304428328013595,0.6734737533769546,0.6363260032079728,0.2821892573512296
272,Sweden,1.0,0.5771620158592529,0.2819148936170213,0.6869852871845181,0.5463620527937827,0.08360314224301642,0.6928056636899557,0.665961143582689,0.6363260032079728,0.26976783916777014
273,United States,0.0,0.7444744846429933,0.3723404255319149,0.08284902699806028,0.513968913305641,1.0,0.625547219311093,0.0,,0.6265205628961397
274,United States,0.125,0.7392460678063842,0.351063829787234,0.09779368597103863,0.49648264772879525,0.9915563203903306,0.6047171275262719,0.03358753373282773,,0.6174846212521469
275,United States,0.25,0.7480950426401314,0.3457446808510638,0.1032553916936397,0.49182634329358166,0.9927312606952974,0.6060972731319902,0.04133238584435246,,0.6013292682108979
276,United States,0.375,0.7891282454785854,0.33510638297872347,0.11594855831115307,0.4792643708964224,0.9933385940803955,0.5978447088221613,0.06610356013843749,,0.5860318338571092
277,United States,0.5,0.7871977841374478,0.33510638297872347,0.1262139296563318,0.47058823529411764,0.9848816723156496,0.6060489765963263,0.08166048058425288,,0.5760860709040229
278,United States,0.625,0.7918131921737974,0.32446808510638303,0.1342895188378723,0.466367412568672,0.9948704706562872,0.6066274689073528,0.09205861997836184,,0.5710756219024518
279,United States,0.75,0.7842272134551221,0.3138297872340426,0.1516748583076476,0.4713587029344766,0.9880971083346726,0.6042895791834636,0.08106959135336766,,0.5542409630464674
280,United States,0.875,0.7771867240119984,0.2872340425531915,0.16317848166553503,0.47457456786814955,0.9827051435539897,0.5856467991952241,0.10396889804786809,,0.5332968657693123
281,United States,1.0,0.765602852503225,0.26595744680851063,0.17702006556734873,0.4767854750100494,0.9791785168906697,0.5641323042915762,0.04908897655874718,,0.5191285113317745
