Country,Year,Age,M,F,male,female
Afghanistan,1950,0-4,630044,661578,0.487792868,0.512207132
Afghanistan,1950,15-19,414369,369363,0.528712621,0.471287379
Afghanistan,1950,20-24,374109,318392,0.540228823,0.459771177
Afghanistan,1950,25-29,321311,272299,0.541282997,0.458717003
Afghanistan,1950,30-34,276279,232168,0.543378169,0.456621831
Afghanistan,1950,35-39,236792,197326,0.545455383,0.454544617
Afghanistan,1950,40-44,200616,167179,0.545456028,0.454543972
Afghanistan,1950,45-49,176525,141220,0.555555556,0.444444444
Afghanistan,1950,50-54,147126,117700,0.555557234,0.444442766
Afghanistan,1950,55-59,123896,95305,0.5652164,0.4347836
Afghanistan,1950,60-64,94572,72748,0.565216352,0.434783648
Afghanistan,1950,65-69,65057,50043,0.565221546,0.434778454
Afghanistan,1950,70-74,37983,29217,0.565223214,0.434776786
Afghanistan,1950,75-79,17012,13085,0.56523906,0.43476094
Afghanistan,1950,80-84,5023,3863,0.565271213,0.434728787
Afghanistan,1950,85-89,863,663,0.565530799,0.434469201
Afghanistan,1950,90-94,78,61,0.561151079,0.438848921
Afghanistan,1950,95-99,4,3,0.571428571,0.428571429
Afghanistan,1950,100+,0,0,#DIV/0!,#DIV/0!
AFRICA,1950,0-4,19440946,19129060,0.504043116,0.495956884
AFRICA,1950,15-19,11642263,11518254,0.502677164,0.497322836
AFRICA,1950,20-24,10141452,10091425,0.50123628,0.49876372
AFRICA,1950,25-29,8666158,8668134,0.499943003,0.500056997
AFRICA,1950,30-34,7405224,7428423,0.499218028,0.500781972
AFRICA,1950,35-39,6272501,6301287,0.498855317,0.501144683
AFRICA,1950,40-44,5355492,5452647,0.49550547,0.50449453
AFRICA,1950,45-49,4432386,4603413,0.490536144,0.509463856
AFRICA,1950,50-54,3622479,3917188,0.4804561,0.5195439
AFRICA,1950,55-59,2862552,3164890,0.474919875,0.525080125
AFRICA,1950,60-64,2171627,2492584,0.465593645,0.534406355
AFRICA,1950,65-69,1546643,1826045,0.458578736,0.541421264
AFRICA,1950,70-74,980657,1207621,0.448140958,0.551859042
AFRICA,1950,75-79,498944,647763,0.435110277,0.564889723
AFRICA,1950,80-84,211486,281081,0.429354788,0.570645212
AFRICA,1950,85-89,60368,88030,0.406797935,0.593202065
AFRICA,1950,90-94,11906,20885,0.363087433,0.636912567
AFRICA,1950,95-99,1502,3282,0.313963211,0.686036789
AFRICA,1950,100+,105,374,0.219206681,0.780793319
Albania,1950,0-4,93940,86840,0.519637128,0.480362872
Albania,1950,15-19,65807,55716,0.541518889,0.458481111
Albania,1950,20-24,57723,49521,0.538239902,0.461760098
Albania,1950,25-29,41847,42573,0.495700071,0.504299929
Albania,1950,30-34,39697,37493,0.514276461,0.485723539
Albania,1950,35-39,36166,34120,0.514554819,0.485445181
Albania,1950,40-44,31188,31636,0.496434484,0.503565516
Albania,1950,45-49,24666,24210,0.504664866,0.495335134
Albania,1950,50-54,23264,24961,0.482405391,0.517594609
Albania,1950,55-59,15561,18775,0.45319781,0.54680219
Albania,1950,60-64,16934,19357,0.466617068,0.533382932
Albania,1950,65-69,13279,15598,0.459846937,0.540153063
Albania,1950,70-74,9616,11155,0.462953156,0.537046844
Albania,1950,75-79,5792,7215,0.445298685,0.554701315
Albania,1950,80-84,3844,4605,0.454965085,0.545034915
Albania,1950,85-89,3401,4301,0.441573617,0.558426383
Albania,1950,90-94,1900,2949,0.391833368,0.608166632
Albania,1950,95-99,1328,1654,0.445338699,0.554661301
Albania,1950,100+,1,1,0.5,0.5
Algeria,1950,0-4,715107,688027,0.509649827,0.490350173
Algeria,1950,15-19,488349,453872,0.518295602,0.481704398
Algeria,1950,20-24,396394,385816,0.506761611,0.493238389
Algeria,1950,25-29,317326,302698,0.511796318,0.488203682
Algeria,1950,30-34,285471,280137,0.50471528,0.49528472
Algeria,1950,35-39,238079,236574,0.501585369,0.498414631
Algeria,1950,40-44,224558,228615,0.495523785,0.504476215
Algeria,1950,45-49,182337,172882,0.513308691,0.486691309
Algeria,1950,50-54,175988,175187,0.501140457,0.498859543
Algeria,1950,55-59,119997,104104,0.535459458,0.464540542
Algeria,1950,60-64,96379,90230,0.516475626,0.483524374
Algeria,1950,65-69,68973,62880,0.523105276,0.476894724
Algeria,1950,70-74,48892,45606,0.517386611,0.482613389
Algeria,1950,75-79,21936,20923,0.511817821,0.488182179
Algeria,1950,80-84,13662,14150,0.491226809,0.508773191
Algeria,1950,85-89,4840,5429,0.471321453,0.528678547
Algeria,1950,90-94,2507,2954,0.45907343,0.54092657
Algeria,1950,95-99,525,994,0.34562212,0.65437788
Algeria,1950,100+,44,188,0.189655172,0.810344828
Angola,1950,0-4,368476,370760,0.498455162,0.501544838
Angola,1950,15-19,229783,236571,0.492722267,0.507277733
Angola,1950,20-24,199762,218173,0.477973848,0.522026152
Angola,1950,25-29,173286,191617,0.474882366,0.525117634
Angola,1950,30-34,149888,166534,0.473696519,0.526303481
Angola,1950,35-39,128383,139947,0.478451906,0.521548094
Angola,1950,40-44,108253,113836,0.487430715,0.512569285
Angola,1950,45-49,87751,94134,0.482453198,0.517546802
Angola,1950,50-54,70582,78941,0.472047779,0.527952221
Angola,1950,55-59,55622,64090,0.464631783,0.535368217
Angola,1950,60-64,37296,44854,0.453998783,0.546001217
Angola,1950,65-69,27308,33901,0.446143541,0.553856459
Angola,1950,70-74,17374,22877,0.43164145,0.56835855
Angola,1950,75-79,8675,11808,0.423521945,0.576478055
Angola,1950,80-84,3528,4830,0.422110553,0.577889447
Angola,1950,85-89,1274,1802,0.414174252,0.585825748
Angola,1950,90-94,151,273,0.356132075,0.643867925
Angola,1950,95-99,6,24,0.2,0.8
Angola,1950,100+,0,1,0,1
Afghanistan,1960,0-4,780470,760937,0.506336094,0.493663906
Afghanistan,1960,15-19,478075,447872,0.516309249,0.483690751
Afghanistan,1960,20-24,415970,382542,0.520931432,0.479068568
Afghanistan,1960,25-29,361150,325664,0.525833777,0.474166223
Afghanistan,1960,30-34,319216,275401,0.536843044,0.463156956
Afghanistan,1960,35-39,267882,231431,0.536501153,0.463498847
Afghanistan,1960,40-44,222625,194047,0.534293161,0.465706839
Afghanistan,1960,45-49,183174,162562,0.529808872,0.470191128
Afghanistan,1960,50-54,147801,134240,0.524040831,0.475959169
Afghanistan,1960,55-59,122306,107418,0.532404102,0.467595898
Afghanistan,1960,60-64,93053,81378,0.533465955,0.466534045
Afghanistan,1960,65-69,67283,56624,0.543012098,0.456987902
Afghanistan,1960,70-74,40748,34655,0.540402902,0.459597098
Afghanistan,1960,75-79,19683,16990,0.536716385,0.463283615
Afghanistan,1960,80-84,6697,5974,0.528529714,0.471470286
Afghanistan,1960,85-89,1426,1337,0.516105682,0.483894318
Afghanistan,1960,90-94,162,165,0.495412844,0.504587156
Afghanistan,1960,95-99,9,10,0.473684211,0.526315789
Afghanistan,1960,100+,0,0,#DIV/0!,#DIV/0!
AFRICA,1960,0-4,25215433,24786479,0.504289376,0.495710624
AFRICA,1960,15-19,13787247,13653848,0.502430643,0.497569357
AFRICA,1960,20-24,11989095,11984003,0.500106202,0.499893798
AFRICA,1960,25-29,10564964,10614611,0.498827951,0.501172049
AFRICA,1960,30-34,9080790,9192974,0.496930463,0.503069537
AFRICA,1960,35-39,7711755,7804033,0.497026319,0.502973681
AFRICA,1960,40-44,6500999,6620586,0.495443119,0.504556881
AFRICA,1960,45-49,5402009,5573337,0.49219487,0.50780513
AFRICA,1960,50-54,4467506,4754802,0.484423856,0.515576144
AFRICA,1960,55-59,3537381,3881687,0.476795872,0.523204128
AFRICA,1960,60-64,2691825,3095502,0.465124055,0.534875945
AFRICA,1960,65-69,1883083,2223582,0.458543124,0.541456876
AFRICA,1960,70-74,1170741,1446566,0.447307481,0.552692519
AFRICA,1960,75-79,608883,780804,0.438143985,0.561856015
AFRICA,1960,80-84,229198,324541,0.413909802,0.586090198
AFRICA,1960,85-89,56874,87945,0.392724712,0.607275288
AFRICA,1960,90-94,8868,15155,0.369146235,0.630853765
AFRICA,1960,95-99,759,1718,0.306419055,0.693580945
AFRICA,1960,100+,46,150,0.234693878,0.765306122
Albania,1960,0-4,139054,133862,0.509512084,0.490487916
Albania,1960,15-19,82530,72696,0.531676394,0.468323606
Albania,1960,20-24,77219,66856,0.535963908,0.464036092
Albania,1960,25-29,64137,54165,0.542146371,0.457853629
Albania,1960,30-34,55948,47884,0.538831959,0.461168041
Albania,1960,35-39,40404,40992,0.496388029,0.503611971
Albania,1960,40-44,38142,35918,0.515014853,0.484985147
Albania,1960,45-49,34449,32451,0.514932735,0.485067265
Albania,1960,50-54,29268,29768,0.495765296,0.504234704
Albania,1960,55-59,22578,22389,0.502101541,0.497898459
Albania,1960,60-64,20423,22366,0.477295567,0.522704433
Albania,1960,65-69,12705,15817,0.445445621,0.554554379
Albania,1960,70-74,12237,14584,0.456246971,0.543753029
Albania,1960,75-79,7927,9779,0.447701344,0.552298656
Albania,1960,80-84,4303,5235,0.451142797,0.548857203
Albania,1960,85-89,1697,2180,0.437709569,0.562290431
Albania,1960,90-94,621,738,0.456953642,0.543046358
Albania,1960,95-99,251,292,0.462246777,0.537753223
Albania,1960,100+,72,89,0.447204969,0.552795031
Algeria,1960,0-4,1052973,1014739,0.509245485,0.490754515
Algeria,1960,15-19,535298,522123,0.50622978,0.49377022
Algeria,1960,20-24,468038,458055,0.505389847,0.494610153
Algeria,1960,25-29,408296,392384,0.509936554,0.490063446
Algeria,1960,30-34,314617,330388,0.487774513,0.512225487
Algeria,1960,35-39,245162,256473,0.488725866,0.511274134
Algeria,1960,40-44,226665,243044,0.482564737,0.517435263
Algeria,1960,45-49,192023,208468,0.479468952,0.520531048
Algeria,1960,50-54,185897,202671,0.478415618,0.521584382
Algeria,1960,55-59,148974,150201,0.497949361,0.502050639
Algeria,1960,60-64,136668,144391,0.486260892,0.513739108
Algeria,1960,65-69,83450,76997,0.520109444,0.479890556
Algeria,1960,70-74,55369,55288,0.500365996,0.499634004
Algeria,1960,75-79,28644,28097,0.504820148,0.495179852
Algeria,1960,80-84,11993,12196,0.495803878,0.504196122
Algeria,1960,85-89,2426,2605,0.482210296,0.517789704
Algeria,1960,90-94,505,640,0.441048035,0.558951965
Algeria,1960,95-99,48,73,0.396694215,0.603305785
Algeria,1960,100+,7,13,0.35,0.65
Angola,1960,0-4,494128,500543,0.496775316,0.503224684
Angola,1960,15-19,222771,184667,0.546760489,0.453239511
Angola,1960,20-24,225684,218006,0.508652438,0.491347562
Angola,1960,25-29,232484,244463,0.487442001,0.512557999
Angola,1960,30-34,188818,205008,0.479445237,0.520554763
Angola,1960,35-39,170126,165174,0.507384432,0.492615568
Angola,1960,40-44,147084,138777,0.514529789,0.485470211
Angola,1960,45-49,123849,113182,0.522501276,0.477498724
Angola,1960,50-54,82495,88235,0.483189832,0.516810168
Angola,1960,55-59,64834,70905,0.47763723,0.52236277
Angola,1960,60-64,49615,56451,0.467774782,0.532225218
Angola,1960,65-69,35338,40366,0.466791715,0.533208285
Angola,1960,70-74,20319,23673,0.461879433,0.538120567
Angola,1960,75-79,17257,13602,0.559220973,0.440779027
Angola,1960,80-84,2516,6629,0.275123018,0.724876982
Angola,1960,85-89,1336,2165,0.381605256,0.618394744
Angola,1960,90-94,261,457,0.363509749,0.636490251
Angola,1960,95-99,37,74,0.333333333,0.666666667
Angola,1960,100+,2,4,0.333333333,0.666666667
Afghanistan,1970,0-4,1036977,1004622,0.507923936,0.492076064
Afghanistan,1970,15-19,561845,544949,0.507632857,0.492367143
Afghanistan,1970,20-24,479707,500714,0.489286745,0.510713255
Afghanistan,1970,25-29,426308,403740,0.513594395,0.486405605
Afghanistan,1970,30-34,364490,339440,0.517792962,0.482207038
Afghanistan,1970,35-39,310553,284775,0.52165025,0.47834975
Afghanistan,1970,40-44,266880,237393,0.529237139,0.470762861
Afghanistan,1970,45-49,216167,196848,0.52338777,0.47661223
Afghanistan,1970,50-54,172013,161225,0.516186629,0.483813371
Afghanistan,1970,55-59,133785,128770,0.50955038,0.49044962
Afghanistan,1970,60-64,99402,97855,0.50392128,0.49607872
Afghanistan,1970,65-69,71691,68577,0.51110018,0.48889982
Afghanistan,1970,70-74,44188,42661,0.50879112,0.49120888
Afghanistan,1970,75-79,23142,21874,0.514083881,0.485916119
Afghanistan,1970,80-84,8560,8435,0.503677552,0.496322448
Afghanistan,1970,85-89,2074,2174,0.488229755,0.511770245
Afghanistan,1970,90-94,285,336,0.458937198,0.541062802
Afghanistan,1970,95-99,20,30,0.4,0.6
Afghanistan,1970,100+,1,1,0.5,0.5
AFRICA,1970,0-4,32707946,32033057,0.505212222,0.494787778
AFRICA,1970,15-19,18512728,18207731,0.504152957,0.495847043
AFRICA,1970,20-24,15180333,15040868,0.502307403,0.497692597
AFRICA,1970,25-29,12541303,12673722,0.497374204,0.502625796
AFRICA,1970,30-34,10833796,11063073,0.494764617,0.505235383
AFRICA,1970,35-39,9514951,9694981,0.495314143,0.504685857
AFRICA,1970,40-44,8101494,8328210,0.493100423,0.506899577
AFRICA,1970,45-49,6732380,6984594,0.4908065,0.5091935
AFRICA,1970,50-54,5523744,5844312,0.485900492,0.514099508
AFRICA,1970,55-59,4394146,4759663,0.480034705,0.519965295
AFRICA,1970,60-64,3420426,3842555,0.470939687,0.529060313
AFRICA,1970,65-69,2418695,2819895,0.461707253,0.538292747
AFRICA,1970,70-74,1534924,1890498,0.448097782,0.551902218
AFRICA,1970,75-79,790016,1026196,0.434980057,0.565019943
AFRICA,1970,80-84,304777,434470,0.412280334,0.587719666
AFRICA,1970,85-89,80682,127238,0.388043478,0.611956522
AFRICA,1970,90-94,11466,22507,0.337503311,0.662496689
AFRICA,1970,95-99,870,2158,0.287318362,0.712681638
AFRICA,1970,100+,43,137,0.238888889,0.761111111
Albania,1970,0-4,159896,152476,0.511876865,0.488123135
Albania,1970,15-19,107693,104156,0.508347927,0.491652073
Albania,1970,20-24,87672,81068,0.519568567,0.480431433
Albania,1970,25-29,81189,71599,0.531383355,0.468616645
Albania,1970,30-34,75718,65655,0.535590247,0.464409753
Albania,1970,35-39,62774,53056,0.541949409,0.458050591
Albania,1970,40-44,54629,46724,0.538997366,0.461002634
Albania,1970,45-49,39227,39748,0.496701488,0.503298512
Albania,1970,50-54,36591,34511,0.514626874,0.485373126
Albania,1970,55-59,32329,30773,0.512329245,0.487670755
Albania,1970,60-64,26445,27558,0.489695017,0.510304983
Albania,1970,65-69,19090,19717,0.491921561,0.508078439
Albania,1970,70-74,15427,17898,0.462925731,0.537074269
Albania,1970,75-79,7995,10708,0.427471529,0.572528471
Albania,1970,80-84,5794,7482,0.436426635,0.563573365
Albania,1970,85-89,2441,3223,0.430967514,0.569032486
Albania,1970,90-94,713,887,0.445625,0.554375
Albania,1970,95-99,124,147,0.457564576,0.542435424
Albania,1970,100+,20,20,0.5,0.5
Algeria,1970,0-4,1367615,1312782,0.510228522,0.489771478
Algeria,1970,15-19,812171,779291,0.510330124,0.489669876
Algeria,1970,20-24,551939,533869,0.508320992,0.491679008
Algeria,1970,25-29,439414,441902,0.498588475,0.501411525
Algeria,1970,30-34,393369,399003,0.496444852,0.503555148
Algeria,1970,35-39,361451,356230,0.50363741,0.49636259
Algeria,1970,40-44,281151,300350,0.48349186,0.51650814
Algeria,1970,45-49,216425,232312,0.482298094,0.517701906
Algeria,1970,50-54,196214,218624,0.472989456,0.527010544
Algeria,1970,55-59,160582,182639,0.467867642,0.532132358
Algeria,1970,60-64,147147,169355,0.464916493,0.535083507
Algeria,1970,65-69,106230,114353,0.48158743,0.51841257
Algeria,1970,70-74,81738,92979,0.467830835,0.532169165
Algeria,1970,75-79,37043,37340,0.498003576,0.501996424
Algeria,1970,80-84,15125,16839,0.473188587,0.526811413
Algeria,1970,85-89,3734,4248,0.467802556,0.532197444
Algeria,1970,90-94,559,718,0.437744714,0.562255286
Algeria,1970,95-99,32,48,0.4,0.6
Algeria,1970,100+,2,3,0.4,0.6
Angola,1970,0-4,518767,515235,0.501707927,0.498292073
Angola,1970,15-19,292998,243607,0.546021748,0.453978252
Angola,1970,20-24,262108,232478,0.529954346,0.470045654
Angola,1970,25-29,213367,200580,0.515445214,0.484554786
Angola,1970,30-34,186400,205459,0.475681304,0.524318696
Angola,1970,35-39,167238,171287,0.494019644,0.505980356
Angola,1970,40-44,139280,142066,0.495048801,0.504951199
Angola,1970,45-49,104665,97469,0.517800073,0.482199927
Angola,1970,50-54,87511,87125,0.501105156,0.498894844
Angola,1970,55-59,66696,60708,0.523500047,0.476499953
Angola,1970,60-64,55326,51364,0.518567813,0.481432187
Angola,1970,65-69,40046,30841,0.564927279,0.435072721
Angola,1970,70-74,29028,23410,0.553568023,0.446431977
Angola,1970,75-79,12097,10976,0.524292463,0.475707537
Angola,1970,80-84,612,600,0.504950495,0.495049505
Angola,1970,85-89,2624,2399,0.522396974,0.477603026
Angola,1970,90-94,187,631,0.228606357,0.771393643
Angola,1970,95-99,40,89,0.310077519,0.689922481
Angola,1970,100+,3,7,0.3,0.7
Afghanistan,1980,0-4,1285490,1234896,0.510036955,0.489963045
Afghanistan,1980,15-19,703330,674340,0.510521388,0.489478612
Afghanistan,1980,20-24,581129,558666,0.509853965,0.490146035
Afghanistan,1980,25-29,477105,462709,0.507658962,0.492341038
Afghanistan,1980,30-34,400293,420632,0.487612145,0.512387855
Afghanistan,1980,35-39,345914,329310,0.512295179,0.487704821
Afghanistan,1980,40-44,284447,270884,0.512211636,0.487788364
Afghanistan,1980,45-49,233149,223023,0.511098884,0.488901116
Afghanistan,1980,50-54,195024,182817,0.51615362,0.48384638
Afghanistan,1980,55-59,151275,147117,0.506967345,0.493032655
Afghanistan,1980,60-64,110572,111570,0.497753689,0.502246311
Afghanistan,1980,65-69,75396,78367,0.490339028,0.509660972
Afghanistan,1980,70-74,46177,49425,0.483012908,0.516987092
Afghanistan,1980,75-79,24737,25799,0.489492639,0.510507361
Afghanistan,1980,80-84,8999,9683,0.481693609,0.518306391
Afghanistan,1980,85-89,2596,2877,0.474328522,0.525671478
Afghanistan,1980,90-94,451,586,0.43490839,0.56509161
Afghanistan,1980,95-99,36,59,0.378947368,0.621052632
Afghanistan,1980,100+,2,3,0.4,0.6
AFRICA,1980,0-4,43358291,42391734,0.505635899,0.494364101
AFRICA,1980,15-19,24834244,24491347,0.503475853,0.496524147
AFRICA,1980,20-24,20528918,20503740,0.500306804,0.499693196
AFRICA,1980,25-29,16906298,16895564,0.500158778,0.499841222
AFRICA,1980,30-34,13886353,13920418,0.499387469,0.500612531
AFRICA,1980,35-39,11498663,11733034,0.494955793,0.505044207
AFRICA,1980,40-44,9901387,10165886,0.493409692,0.506590308
AFRICA,1980,45-49,8574497,8887643,0.491033573,0.508966427
AFRICA,1980,50-54,7106768,7485637,0.487018281,0.512981719
AFRICA,1980,55-59,5684781,6133734,0.48100637,0.51899363
AFRICA,1980,60-64,4358835,4841520,0.473768132,0.526231868
AFRICA,1980,65-69,3137727,3609757,0.465021777,0.534978223
AFRICA,1980,70-74,2047731,2472594,0.45300526,0.54699474
AFRICA,1980,75-79,1104501,1413128,0.438706815,0.561293185
AFRICA,1980,80-84,448954,627861,0.416927699,0.583072301
AFRICA,1980,85-89,116588,185198,0.386326735,0.613673265
AFRICA,1980,90-94,17350,34049,0.337555205,0.662444795
AFRICA,1980,95-99,1445,3798,0.275605569,0.724394431
AFRICA,1980,100+,62,249,0.199356913,0.800643087
Albania,1980,0-4,173925,162190,0.517456823,0.482543177
Albania,1980,15-19,153570,147746,0.509664273,0.490335727
Albania,1980,20-24,132964,128603,0.508336296,0.491663704
Albania,1980,25-29,105975,102936,0.507273432,0.492726568
Albania,1980,30-34,85942,79906,0.518197386,0.481802614
Albania,1980,35-39,79445,70421,0.530106895,0.469893105
Albania,1980,40-44,73941,64340,0.534715543,0.465284457
Albania,1980,45-49,60961,51660,0.541293364,0.458706636
Albania,1980,50-54,52365,45076,0.53740212,0.46259788
Albania,1980,55-59,36675,37867,0.492004508,0.507995492
Albania,1980,60-64,32750,32134,0.504746933,0.495253067
Albania,1980,65-69,26804,27274,0.495654425,0.504345575
Albania,1980,70-74,19224,22132,0.464841861,0.535158139
Albania,1980,75-79,11176,13239,0.457751382,0.542248618
Albania,1980,80-84,6394,8817,0.420353691,0.579646309
Albania,1980,85-89,1957,3167,0.381928181,0.618071819
Albania,1980,90-94,668,1016,0.396674584,0.603325416
Albania,1980,95-99,104,150,0.409448819,0.590551181
Albania,1980,100+,10,12,0.454545455,0.545454545
Algeria,1980,0-4,1792240,1717081,0.510708482,0.489291518
Algeria,1980,15-19,1092709,1042576,0.511739182,0.488260818
Algeria,1980,20-24,894674,858684,0.510263164,0.489736836
Algeria,1980,25-29,737302,712008,0.508726221,0.491273779
Algeria,1980,30-34,482178,472271,0.505189905,0.494810095
Algeria,1980,35-39,375172,390303,0.490116594,0.509883406
Algeria,1980,40-44,341811,361031,0.486326941,0.513673059
Algeria,1980,45-49,318505,324072,0.495668223,0.504331777
Algeria,1980,50-54,242656,269069,0.474192193,0.525807807
Algeria,1980,55-59,184567,203971,0.475029469,0.524970531
Algeria,1980,60-64,164510,187318,0.467586434,0.532413566
Algeria,1980,65-69,122413,145197,0.457430589,0.542569411
Algeria,1980,70-74,93402,115830,0.446403992,0.553596008
Algeria,1980,75-79,51424,60974,0.457517038,0.542482962
Algeria,1980,80-84,25541,32686,0.438645302,0.561354698
Algeria,1980,85-89,5894,7000,0.457111835,0.542888165
Algeria,1980,90-94,885,1266,0.411436541,0.588563459
Algeria,1980,95-99,63,104,0.377245509,0.622754491
Algeria,1980,100+,3,5,0.375,0.625
Angola,1980,0-4,795741,801162,0.498302652,0.501697348
Angola,1980,15-19,478799,432015,0.525682521,0.474317479
Angola,1980,20-24,373592,340933,0.522853644,0.477146356
Angola,1980,25-29,284145,240879,0.541203831,0.458796169
Angola,1980,30-34,250300,225562,0.52599283,0.47400717
Angola,1980,35-39,202928,193113,0.512391394,0.487608606
Angola,1980,40-44,174590,194512,0.47301288,0.52698712
Angola,1980,45-49,152808,160903,0.487097998,0.512902002
Angola,1980,50-54,123511,131588,0.484168891,0.515831109
Angola,1980,55-59,89247,88459,0.502217145,0.497782855
Angola,1980,60-64,69467,74032,0.484093966,0.515906034
Angola,1980,65-69,47426,46820,0.503214991,0.496785009
Angola,1980,70-74,32622,33074,0.496559912,0.503440088
Angola,1980,75-79,17821,15278,0.538415058,0.461584942
Angola,1980,80-84,8580,7851,0.522183677,0.477816323
Angola,1980,85-89,1991,2154,0.480337756,0.519662244
Angola,1980,90-94,0,0,#DIV/0!,#DIV/0!
Angola,1980,95-99,80,99,0.446927374,0.553072626
Angola,1980,100+,2,10,0.166666667,0.833333333
Afghanistan,1990,0-4,1234305,1178171,0.511634105,0.488365895
Afghanistan,1990,15-19,677505,631182,0.517698273,0.482301727
Afghanistan,1990,20-24,544963,509197,0.516964218,0.483035782
Afghanistan,1990,25-29,441632,415684,0.515133276,0.484866724
Afghanistan,1990,30-34,371679,350137,0.514922085,0.485077915
Afghanistan,1990,35-39,314487,297978,0.513477505,0.486522495
Afghanistan,1990,40-44,254146,271604,0.483397052,0.516602948
Afghanistan,1990,45-49,196983,189926,0.509119715,0.490880285
Afghanistan,1990,50-54,140512,144475,0.493047051,0.506952949
Afghanistan,1990,55-59,102569,110150,0.482180717,0.517819283
Afghanistan,1990,60-64,86515,87709,0.496573377,0.503426623
Afghanistan,1990,65-69,64807,69009,0.484299336,0.515700664
Afghanistan,1990,70-74,38392,43489,0.468875563,0.531124437
Afghanistan,1990,75-79,19080,21813,0.466583523,0.533416477
Afghanistan,1990,80-84,7298,8134,0.472913427,0.527086573
Afghanistan,1990,85-89,2013,1969,0.505524862,0.494475138
Afghanistan,1990,90-94,417,526,0.442205726,0.557794274
Afghanistan,1990,95-99,57,96,0.37254902,0.62745098
Afghanistan,1990,100+,3,7,0.3,0.7
AFRICA,1990,0-4,55524951,54182757,0.506117136,0.493882864
AFRICA,1990,15-19,33260292,32785892,0.503591426,0.496408574
AFRICA,1990,20-24,27433978,27462517,0.499740065,0.500259935
AFRICA,1990,25-29,22902804,23054146,0.498353437,0.501646563
AFRICA,1990,30-34,18931104,19241498,0.495934335,0.504065665
AFRICA,1990,35-39,15614359,15844165,0.496347476,0.503652524
AFRICA,1990,40-44,12732996,13030998,0.494216696,0.505783304
AFRICA,1990,45-49,10375752,10845702,0.488927479,0.511072521
AFRICA,1990,50-54,8704353,9255734,0.484649824,0.515350176
AFRICA,1990,55-59,7295111,7877972,0.480792928,0.519207072
AFRICA,1990,60-64,5713810,6338187,0.474096534,0.525903466
AFRICA,1990,65-69,4161327,4783766,0.465207796,0.534792204
AFRICA,1990,70-74,2726543,3256173,0.455736659,0.544263341
AFRICA,1990,75-79,1510550,1900798,0.442801497,0.557198503
AFRICA,1990,80-84,637641,884659,0.418866846,0.581133154
AFRICA,1990,85-89,174507,277764,0.385846097,0.614153903
AFRICA,1990,90-94,28131,53802,0.343341511,0.656658489
AFRICA,1990,95-99,2346,6094,0.277962085,0.722037915
AFRICA,1990,100+,114,421,0.213084112,0.786915888
Albania,1990,0-4,201978,188264,0.517571148,0.482428852
Albania,1990,15-19,164207,155994,0.512824757,0.487175243
Albania,1990,20-24,155586,149349,0.51022677,0.48977323
Albania,1990,25-29,151423,146685,0.507946784,0.492053216
Albania,1990,30-34,130679,127471,0.506213442,0.493786558
Albania,1990,35-39,104036,101895,0.505198343,0.494801657
Albania,1990,40-44,84267,78895,0.516462166,0.483537834
Albania,1990,45-49,77527,69185,0.528429849,0.471570151
Albania,1990,50-54,71262,62773,0.531667102,0.468332898
Albania,1990,55-59,57324,49950,0.534369931,0.465630069
Albania,1990,60-64,47138,42860,0.523767195,0.476232805
Albania,1990,65-69,30572,34629,0.468888514,0.531111486
Albania,1990,70-74,23913,27052,0.469204356,0.530795644
Albania,1990,75-79,15715,19595,0.445058057,0.554941943
Albania,1990,80-84,7924,11910,0.399515983,0.600484017
Albania,1990,85-89,2685,4320,0.383297645,0.616702355
Albania,1990,90-94,707,1294,0.353323338,0.646676662
Albania,1990,95-99,80,149,0.349344978,0.650655022
Albania,1990,100+,9,13,0.409090909,0.590909091
Algeria,1990,0-4,2028375,1942453,0.510819154,0.489180846
Algeria,1990,15-19,1466856,1408300,0.5101831,0.4898169
Algeria,1990,20-24,1240598,1188893,0.510641118,0.489358882
Algeria,1990,25-29,1049898,1005956,0.510687043,0.489312957
Algeria,1990,30-34,844647,808525,0.510925058,0.489074942
Algeria,1990,35-39,699864,672423,0.509998273,0.490001727
Algeria,1990,40-44,455694,449392,0.503481437,0.496518563
Algeria,1990,45-49,351353,369576,0.487361446,0.512638554
Algeria,1990,50-54,315890,339515,0.481976793,0.518023207
Algeria,1990,55-59,293698,300430,0.494334554,0.505665446
Algeria,1990,60-64,223231,242629,0.47918044,0.52081956
Algeria,1990,65-69,157664,172989,0.476826159,0.523173841
Algeria,1990,70-74,119708,141010,0.459147431,0.540852569
Algeria,1990,75-79,69315,88826,0.43831138,0.56168862
Algeria,1990,80-84,35562,49416,0.418484784,0.581515216
Algeria,1990,85-89,10482,14602,0.417875937,0.582124063
Algeria,1990,90-94,2001,3332,0.375210951,0.624789049
Algeria,1990,95-99,138,236,0.368983957,0.631016043
Algeria,1990,100+,5,12,0.294117647,0.705882353
Angola,1990,0-4,1152992,1161349,0.498194518,0.501805482
Angola,1990,15-19,629729,636231,0.497431988,0.502568012
Angola,1990,20-24,478270,478542,0.499857861,0.500142139
Angola,1990,25-29,460605,421855,0.521955669,0.478044331
Angola,1990,30-34,356761,330559,0.519060991,0.480939009
Angola,1990,35-39,269550,232462,0.536939356,0.463060644
Angola,1990,40-44,233034,213837,0.521479353,0.478520647
Angola,1990,45-49,185156,181084,0.505559196,0.494440804
Angola,1990,50-54,154406,178471,0.463853015,0.536146985
Angola,1990,55-59,129014,143266,0.473828412,0.526171588
Angola,1990,60-64,97289,110574,0.468043856,0.531956144
Angola,1990,65-69,63028,67676,0.482219366,0.517780634
Angola,1990,70-74,40975,47721,0.461971228,0.538028772
Angola,1990,75-79,21186,23286,0.476389638,0.523610362
Angola,1990,80-84,9643,11226,0.462072931,0.537927069
Angola,1990,85-89,2928,3049,0.489877865,0.510122135
Angola,1990,90-94,657,765,0.462025316,0.537974684
Angola,1990,95-99,62,90,0.407894737,0.592105263
Angola,1990,100+,0,1,0,1
Afghanistan,2000,0-4,2124163,2042084,0.509850472,0.490149528
Afghanistan,2000,15-19,1149709,1042984,0.524336512,0.475663488
Afghanistan,2000,20-24,921620,831930,0.525573836,0.474426164
Afghanistan,2000,25-29,734778,680892,0.519031978,0.480968022
Afghanistan,2000,30-34,599498,562956,0.515717611,0.484282389
Afghanistan,2000,35-39,492828,461895,0.516199987,0.483800013
Afghanistan,2000,40-44,405623,381650,0.515225341,0.484774659
Afghanistan,2000,45-49,329054,314363,0.511416391,0.488583609
Afghanistan,2000,50-54,259969,279119,0.482238521,0.517761479
Afghanistan,2000,55-59,203128,198274,0.506046308,0.493953692
Afghanistan,2000,60-64,145570,147831,0.496146912,0.503853088
Afghanistan,2000,65-69,100139,105589,0.486754355,0.513245645
Afghanistan,2000,70-74,69663,72078,0.491480941,0.508519059
Afghanistan,2000,75-79,38817,43206,0.473245309,0.526754691
Afghanistan,2000,80-84,15536,18798,0.452496068,0.547503932
Afghanistan,2000,85-89,4631,5957,0.437381942,0.562618058
Afghanistan,2000,90-94,708,1006,0.413068845,0.586931155
Afghanistan,2000,95-99,51,75,0.404761905,0.595238095
Afghanistan,2000,100+,3,7,0.3,0.7
AFRICA,2000,0-4,66394869,64712458,0.506416159,0.493583841
AFRICA,2000,15-19,44855529,44295910,0.503138586,0.496861414
AFRICA,2000,20-24,37342573,37203395,0.500933505,0.499066495
AFRICA,2000,25-29,30520698,30798719,0.49773301,0.50226699
AFRICA,2000,30-34,25005814,25576429,0.494359532,0.505640468
AFRICA,2000,35-39,21036165,21391097,0.495817171,0.504182829
AFRICA,2000,40-44,17321929,17758876,0.493772278,0.506227722
AFRICA,2000,45-49,14054051,14501741,0.492161135,0.507838865
AFRICA,2000,50-54,11143705,11803853,0.48561616,0.51438384
AFRICA,2000,55-59,8783674,9623989,0.477174859,0.522825141
AFRICA,2000,60-64,6984825,7880775,0.46986499,0.53013501
AFRICA,2000,65-69,5397774,6232785,0.464102714,0.535897286
AFRICA,2000,70-74,3579979,4347830,0.451572307,0.548427693
AFRICA,2000,75-79,2048661,2633926,0.437506233,0.562493767
AFRICA,2000,80-84,890467,1234015,0.419145467,0.580854533
AFRICA,2000,85-89,257873,404548,0.389288685,0.610711315
AFRICA,2000,90-94,43676,86479,0.335569129,0.664430871
AFRICA,2000,95-99,4140,11218,0.26956635,0.73043365
AFRICA,2000,100+,234,858,0.214285714,0.785714286
Albania,2000,0-4,145988,133847,0.521693141,0.478306859
Albania,2000,15-19,143946,145682,0.497003052,0.502996948
Albania,2000,20-24,115519,123980,0.482336043,0.517663957
Albania,2000,25-29,103859,113861,0.47703013,0.52296987
Albania,2000,30-34,103294,112114,0.479527223,0.520472777
Albania,2000,35-39,115345,116906,0.496639412,0.503360588
Albania,2000,40-44,111252,103801,0.517323636,0.482676364
Albania,2000,45-49,93463,83869,0.527050955,0.472949045
Albania,2000,50-54,76438,64907,0.540790265,0.459209735
Albania,2000,55-59,66760,55647,0.545393646,0.454606354
Albania,2000,60-64,57738,50781,0.532054295,0.467945705
Albania,2000,65-69,44250,39866,0.526059252,0.473940748
Albania,2000,70-74,31917,31917,0.5,0.5
Albania,2000,75-79,15896,21590,0.424051646,0.575948354
Albania,2000,80-84,9274,13646,0.404624782,0.595375218
Albania,2000,85-89,3419,6447,0.346543685,0.653456315
Albania,2000,90-94,704,1655,0.298431539,0.701568461
Albania,2000,95-99,82,183,0.309433962,0.690566038
Albania,2000,100+,6,13,0.315789474,0.684210526
Algeria,2000,0-4,1576131,1508719,0.510926301,0.489073699
Algeria,2000,15-19,1910894,1843185,0.509018057,0.490981943
Algeria,2000,20-24,1673171,1624573,0.507368371,0.492631629
Algeria,2000,25-29,1378992,1347939,0.505693763,0.494306237
Algeria,2000,30-34,1153406,1125123,0.506206417,0.493793583
Algeria,2000,35-39,982899,949215,0.508716877,0.491283123
Algeria,2000,40-44,800252,763736,0.511674003,0.488325997
Algeria,2000,45-49,663127,638738,0.509366947,0.490633053
Algeria,2000,50-54,424371,424391,0.499988218,0.500011782
Algeria,2000,55-59,340986,352729,0.49153615,0.50846385
Algeria,2000,60-64,313495,326940,0.489503228,0.510496772
Algeria,2000,65-69,271908,276124,0.496153509,0.503846491
Algeria,2000,70-74,183517,198279,0.480667686,0.519332314
Algeria,2000,75-79,105473,116744,0.474639654,0.525360346
Algeria,2000,80-84,57320,70152,0.449667378,0.550332622
Algeria,2000,85-89,19658,25993,0.430614882,0.569385118
Algeria,2000,90-94,4317,6443,0.401208178,0.598791822
Algeria,2000,95-99,428,698,0.380106572,0.619893428
Algeria,2000,100+,23,44,0.343283582,0.656716418
Angola,2000,0-4,1535574,1546980,0.498149911,0.501850089
Angola,2000,15-19,882239,893953,0.496702496,0.503297504
Angola,2000,20-24,719025,731544,0.495684797,0.504315203
Angola,2000,25-29,595485,610302,0.49385588,0.50614412
Angola,2000,30-34,448660,456065,0.495907596,0.504092404
Angola,2000,35-39,427591,398356,0.517697867,0.482302133
Angola,2000,40-44,326785,309788,0.513350393,0.486649607
Angola,2000,45-49,241855,216368,0.527810695,0.472189305
Angola,2000,50-54,202176,194958,0.509087613,0.490912387
Angola,2000,55-59,153665,159895,0.490065697,0.509934303
Angola,2000,60-64,119321,147955,0.446433649,0.553566351
Angola,2000,65-69,88974,107336,0.453232133,0.546767867
Angola,2000,70-74,55929,70052,0.443947897,0.556052103
Angola,2000,75-79,27579,33054,0.454851319,0.545148681
Angola,2000,80-84,11931,15915,0.428463693,0.571536307
Angola,2000,85-89,3437,4576,0.428927992,0.571072008
Angola,2000,90-94,737,1100,0.401197605,0.598802395
Angola,2000,95-99,89,128,0.410138249,0.589861751
Angola,2000,100+,7,12,0.368421053,0.631578947
Afghanistan,2010,0-4,2715070,2600535,0.510773468,0.489226532
Afghanistan,2010,15-19,1599236,1503682,0.515397442,0.484602558
Afghanistan,2010,20-24,1278489,1188683,0.51820019,0.48179981
Afghanistan,2010,25-29,1069443,1013511,0.513426125,0.486573875
Afghanistan,2010,30-34,885605,819307,0.519443232,0.480556768
Afghanistan,2010,35-39,706162,657692,0.517769497,0.482230503
Afghanistan,2010,40-44,569595,536591,0.514917925,0.485082075
Afghanistan,2010,45-49,457356,433278,0.513517337,0.486482663
Afghanistan,2010,50-54,360128,350364,0.506871295,0.493128705
Afghanistan,2010,55-59,283239,281454,0.501580505,0.498419495
Afghanistan,2010,60-64,212296,238883,0.470536084,0.529463916
Afghanistan,2010,65-69,147198,155759,0.485870932,0.514129068
Afghanistan,2010,70-74,92624,102913,0.473690401,0.526309599
Afghanistan,2010,75-79,50444,59129,0.460368886,0.539631114
Afghanistan,2010,80-84,23184,27743,0.455239853,0.544760147
Afghanistan,2010,85-89,7213,9648,0.427791946,0.572208054
Afghanistan,2010,90-94,1261,1974,0.389799073,0.610200927
Afghanistan,2010,95-99,126,241,0.343324251,0.656675749
Afghanistan,2010,100+,6,14,0.3,0.7
AFRICA,2010,0-4,84040440,81663803,0.507171322,0.492828678
AFRICA,2010,15-19,55113536,54291882,0.503755088,0.496244912
AFRICA,2010,20-24,48476737,48242411,0.501211373,0.498788627
AFRICA,2010,25-29,41422995,41780032,0.497854423,0.502145577
AFRICA,2010,30-34,34190297,34588174,0.497107547,0.502892453
AFRICA,2010,35-39,27893808,28367559,0.495789731,0.504210269
AFRICA,2010,40-44,22709689,23374771,0.492784097,0.507215903
AFRICA,2010,45-49,18843904,19452941,0.49204847,0.50795153
AFRICA,2010,50-54,15193858,16012706,0.486880196,0.513119804
AFRICA,2010,55-59,11937086,12815582,0.482254519,0.517745481
AFRICA,2010,60-64,9001544,10048219,0.472527873,0.527472127
AFRICA,2010,65-69,6481760,7615037,0.459803741,0.540196259
AFRICA,2010,70-74,4421430,5493637,0.445930421,0.554069579
AFRICA,2010,75-79,2660111,3517644,0.430595095,0.569404905
AFRICA,2010,80-84,1207119,1739601,0.409648355,0.590351645
AFRICA,2010,85-89,368819,602240,0.379811113,0.620188887
AFRICA,2010,90-94,70210,131654,0.347808425,0.652191575
AFRICA,2010,95-99,8157,18568,0.305219832,0.694780168
AFRICA,2010,100+,543,1643,0.248398902,0.751601098
Albania,2010,0-4,92622,81239,0.532735921,0.467264079
Albania,2010,15-19,150063,134518,0.527312083,0.472687917
Albania,2010,20-24,131997,121726,0.520240577,0.479759423
Albania,2010,25-29,97570,101674,0.48970107,0.51029893
Albania,2010,30-34,78564,89167,0.468392843,0.531607157
Albania,2010,35-39,84539,94268,0.472794689,0.527205311
Albania,2010,40-44,89863,99171,0.47538009,0.52461991
Albania,2010,45-49,102944,107086,0.490139504,0.509860496
Albania,2010,50-54,100071,98684,0.50348922,0.49651078
Albania,2010,55-59,81866,81104,0.502337854,0.497662146
Albania,2010,60-64,64684,62655,0.507966923,0.492033077
Albania,2010,65-69,55787,53440,0.510743681,0.489256319
Albania,2010,70-74,46426,45865,0.5030393,0.4969607
Albania,2010,75-79,30550,30847,0.497581315,0.502418685
Albania,2010,80-84,15221,19189,0.442342342,0.557657658
Albania,2010,85-89,4003,8316,0.324945207,0.675054793
Albania,2010,90-94,1024,2575,0.284523479,0.715476521
Albania,2010,95-99,129,424,0.233273056,0.766726944
Albania,2010,100+,8,28,0.222222222,0.777777778
Algeria,2010,0-4,1966415,1885869,0.510454317,0.489545683
Algeria,2010,15-19,1852767,1788153,0.508873307,0.491126693
Algeria,2010,20-24,1941273,1886372,0.507171642,0.492828358
Algeria,2010,25-29,1838756,1801099,0.505172871,0.494827129
Algeria,2010,30-34,1551869,1533215,0.503023256,0.496976744
Algeria,2010,35-39,1250055,1250591,0.499892828,0.500107172
Algeria,2010,40-44,1064421,1067842,0.499197801,0.500802199
Algeria,2010,45-49,914027,907518,0.50178667,0.49821333
Algeria,2010,50-54,746146,722586,0.508020524,0.491979476
Algeria,2010,55-59,631790,608788,0.509270679,0.490729321
Algeria,2010,60-64,421684,419846,0.501092059,0.498907941
Algeria,2010,65-69,327173,349011,0.483852028,0.516147972
Algeria,2010,70-74,264861,293738,0.474152299,0.525847701
Algeria,2010,75-79,194190,207624,0.48328331,0.51671669
Algeria,2010,80-84,100730,113923,0.469269006,0.530730994
Algeria,2010,85-89,37986,43889,0.463951145,0.536048855
Algeria,2010,90-94,11286,14104,0.444505711,0.555494289
Algeria,2010,95-99,1830,2296,0.443528841,0.556471159
Algeria,2010,100+,159,201,0.441666667,0.558333333
Angola,2010,0-4,2233041,2239035,0.499329841,0.500670159
Angola,2010,15-19,1234473,1255663,0.495745212,0.504254788
Angola,2010,20-24,1041974,1068258,0.493772249,0.506227751
Angola,2010,25-29,848595,877070,0.491749557,0.508250443
Angola,2010,30-34,685593,712319,0.490440743,0.509559257
Angola,2010,35-39,564223,590500,0.488621947,0.511378053
Angola,2010,40-44,420579,439355,0.489082883,0.510917117
Angola,2010,45-49,390353,379162,0.507271463,0.492728537
Angola,2010,50-54,289381,290794,0.498782264,0.501217736
Angola,2010,55-59,204925,197522,0.509197484,0.490802516
Angola,2010,60-64,159050,167915,0.486443503,0.513556497
Angola,2010,65-69,108031,125093,0.463405741,0.536594259
Angola,2010,70-74,70022,97980,0.416792657,0.583207343
Angola,2010,75-79,39704,54901,0.419681835,0.580318165
Angola,2010,80-84,16791,24553,0.406129063,0.593870937
Angola,2010,85-89,4638,6788,0.405916331,0.594083669
Angola,2010,90-94,939,1615,0.367658575,0.632341425
Angola,2010,95-99,109,196,0.357377049,0.642622951
Angola,2010,100+,8,17,0.32,0.68
Afghanistan,2020,0-4,2907406,2765103,0.512543215,0.487456785
Afghanistan,2020,15-19,2377941,2251504,0.513655741,0.486344259
Afghanistan,2020,20-24,2017279,1909206,0.513762054,0.486237946
Afghanistan,2020,25-29,1610796,1498590,0.518043112,0.481956888
Afghanistan,2020,30-34,1299121,1179138,0.524207115,0.475792885
Afghanistan,2020,35-39,1068167,988220,0.519438705,0.480561295
Afghanistan,2020,40-44,868020,790703,0.523306182,0.476693818
Afghanistan,2020,45-49,677226,627510,0.51905213,0.48094787
Afghanistan,2020,50-54,529188,503171,0.512600752,0.487399248
Afghanistan,2020,55-59,411379,396460,0.509233894,0.490766106
Afghanistan,2020,60-64,305081,307557,0.497979231,0.502020769
Afghanistan,2020,65-69,215637,229221,0.484732207,0.515267793
Afghanistan,2020,70-74,140254,172197,0.448883185,0.551116815
Afghanistan,2020,75-79,76897,91107,0.45770934,0.54229066
Afghanistan,2020,80-84,33115,42490,0.438000132,0.561999868
Afghanistan,2020,85-89,10185,14275,0.416394113,0.583605887
Afghanistan,2020,90-94,2053,3139,0.395416025,0.604583975
Afghanistan,2020,95-99,215,414,0.341812401,0.658187599
Afghanistan,2020,100+,11,28,0.282051282,0.717948718
AFRICA,2020,0-4,101498216,98412313,0.50771821,0.49228179
AFRICA,2020,15-19,69849576,68414727,0.50518879,0.49481121
AFRICA,2020,20-24,60449504,59581812,0.50361444,0.49638556
AFRICA,2020,25-29,52484404,52193331,0.501390329,0.498609671
AFRICA,2020,30-34,45647099,45887743,0.498685506,0.501314494
AFRICA,2020,35-39,38868396,39483159,0.496076893,0.503923107
AFRICA,2020,40-44,31838094,32523592,0.494674642,0.505325358
AFRICA,2020,45-49,25665010,26546822,0.491555439,0.508444561
AFRICA,2020,50-54,20520106,21681189,0.486243515,0.513756485
AFRICA,2020,55-59,16524032,17710687,0.482668837,0.517331163
AFRICA,2020,60-64,12713408,14088837,0.474341161,0.525658839
AFRICA,2020,65-69,9221246,10560420,0.466151132,0.533848868
AFRICA,2020,70-74,6029948,7342540,0.450921923,0.549078077
AFRICA,2020,75-79,3453104,4564413,0.43069494,0.56930506
AFRICA,2020,80-84,1643555,2396748,0.406790035,0.593209965
AFRICA,2020,85-89,572286,924096,0.382446461,0.617553539
AFRICA,2020,90-94,120723,216273,0.358232739,0.641767261
AFRICA,2020,95-99,15587,31199,0.333155217,0.666844783
AFRICA,2020,100+,1327,2723,0.327654321,0.672345679
Albania,2020,0-4,86564,79714,0.520598035,0.479401965
Albania,2020,15-19,106218,93379,0.532162307,0.467837693
Albania,2020,20-24,117374,110982,0.513995691,0.486004309
Albania,2020,25-29,129317,115006,0.52928705,0.47071295
Albania,2020,30-34,122633,101291,0.547654561,0.452345439
Albania,2020,35-39,90658,76191,0.543353571,0.456646429
Albania,2020,40-44,75896,76614,0.497646056,0.502353944
Albania,2020,45-49,80264,90245,0.47073175,0.52926825
Albania,2020,50-54,88504,95681,0.480516872,0.519483128
Albania,2020,55-59,98654,103252,0.488613513,0.511386487
Albania,2020,60-64,91164,95295,0.488922498,0.511077502
Albania,2020,65-69,69837,73946,0.485711106,0.514288894
Albania,2020,70-74,52442,55690,0.484981319,0.515018681
Albania,2020,75-79,41429,45107,0.478748729,0.521251271
Albania,2020,80-84,25727,28149,0.477522459,0.522477541
Albania,2020,85-89,10503,12885,0.449076449,0.550923551
Albania,2020,90-94,2584,4043,0.389920024,0.610079976
Albania,2020,95-99,242,534,0.31185567,0.68814433
Albania,2020,100+,15,36,0.294117647,0.705882353
Algeria,2020,0-4,2574062,2467456,0.510572808,0.489427192
Algeria,2020,15-19,1484482,1425863,0.510070799,0.489929201
Algeria,2020,20-24,1531025,1468812,0.510369397,0.489630603
Algeria,2020,25-29,1812011,1761867,0.507015349,0.492984651
Algeria,2020,30-34,1877520,1850199,0.503664573,0.496335427
Algeria,2020,35-39,1782775,1764741,0.502541779,0.497458221
Algeria,2020,40-44,1511220,1502809,0.501395308,0.498604692
Algeria,2020,45-49,1214095,1220495,0.49868561,0.50131439
Algeria,2020,50-54,1026740,1035144,0.497962058,0.502037942
Algeria,2020,55-59,867903,870269,0.4993194,0.5006806
Algeria,2020,60-64,703307,684035,0.506945656,0.493054344
Algeria,2020,65-69,583040,560160,0.510006998,0.489993002
Algeria,2020,70-74,359717,364221,0.496889236,0.503110764
Algeria,2020,75-79,241813,272083,0.470548516,0.529451484
Algeria,2020,80-84,157783,185844,0.45916939,0.54083061
Algeria,2020,85-89,80994,90055,0.473513438,0.526486562
Algeria,2020,90-94,24471,26899,0.47636753,0.52363247
Algeria,2020,95-99,4409,4387,0.501250568,0.498749432
Algeria,2020,100+,511,452,0.530633437,0.469366563
Angola,2020,0-4,2923514,2871490,0.504488694,0.495511306
Angola,2020,15-19,1751828,1780690,0.495914812,0.504085188
Angola,2020,20-24,1424241,1458325,0.494087906,0.505912094
Angola,2020,25-29,1192393,1231078,0.492018679,0.507981321
Angola,2020,30-34,999332,1041425,0.489686915,0.510313085
Angola,2020,35-39,808851,850121,0.487561574,0.512438426
Angola,2020,40-44,645763,684932,0.485282503,0.514717497
Angola,2020,45-49,520750,561290,0.481266866,0.518733134
Angola,2020,50-54,376364,410848,0.478097387,0.521902613
Angola,2020,55-59,332588,344802,0.490984514,0.509015486
Angola,2020,60-64,229285,252683,0.475726604,0.524273396
Angola,2020,65-69,145237,158692,0.477864896,0.522135104
Angola,2020,70-74,95124,117389,0.447614969,0.552385031
Angola,2020,75-79,49865,69351,0.418274393,0.581725607
Angola,2020,80-84,22040,37897,0.367719439,0.632280561
Angola,2020,85-89,7226,12652,0.363517456,0.636482544
Angola,2020,90-94,1458,2801,0.342333881,0.657666119
Angola,2020,95-99,161,319,0.335416667,0.664583333
Angola,2020,100+,11,27,0.289473684,0.710526316
Afghanistan,2022,0-4,2949516,2809308,0.512173319,0.487826681
Afghanistan,2022,15-19,2479531,2354703,0.512910836,0.487089164
Afghanistan,2022,20-24,2143860,2030363,0.513594985,0.486405015
Afghanistan,2022,25-29,1748484,1646360,0.515041045,0.484958955
Afghanistan,2022,30-34,1397506,1280821,0.521783188,0.478216812
Afghanistan,2022,35-39,1142341,1050537,0.520932309,0.479067691
Afghanistan,2022,40-44,935238,860311,0.520864649,0.479135351
Afghanistan,2022,45-49,737271,678658,0.520697719,0.479302281
Afghanistan,2022,50-54,569185,539712,0.513289332,0.486710668
Afghanistan,2022,55-59,440421,425991,0.508327447,0.491672553
Afghanistan,2022,60-64,328252,328617,0.499722167,0.500277833
Afghanistan,2022,65-69,230616,242720,0.487214157,0.512785843
Afghanistan,2022,70-74,150275,178018,0.457746586,0.542253414
Afghanistan,2022,75-79,84339,105574,0.444092821,0.555907179
Afghanistan,2022,80-84,37490,46435,0.446708371,0.553291629
Afghanistan,2022,85-89,12267,17068,0.418169422,0.581830578
Afghanistan,2022,90-94,2724,4112,0.398478642,0.601521358
Afghanistan,2022,95-99,372,631,0.370887338,0.629112662
Afghanistan,2022,100+,12,31,0.279069767,0.720930233
AFRICA,2022,0-4,104038427,100889681,0.507682563,0.492317437
AFRICA,2022,15-19,73634528,72057025,0.505413845,0.494586155
AFRICA,2022,20-24,63536562,62535320,0.503970917,0.496029083
AFRICA,2022,25-29,55035613,54585233,0.502054263,0.497945737
AFRICA,2022,30-34,47863063,47969173,0.499446376,0.500553624
AFRICA,2022,35-39,41149770,41731891,0.49648824,0.50351176
AFRICA,2022,40-44,34129442,34897848,0.494434042,0.505565958
AFRICA,2022,45-49,27514036,28427181,0.491838352,0.508161648
AFRICA,2022,50-54,21902519,23113885,0.486545282,0.513454718
AFRICA,2022,55-59,17471557,18790990,0.481807221,0.518192779
AFRICA,2022,60-64,13553379,14988054,0.474866802,0.525133198
AFRICA,2022,65-69,9855103,11302036,0.465805088,0.534194912
AFRICA,2022,70-74,6497509,7844134,0.453051927,0.546948073
AFRICA,2022,75-79,3722798,4867570,0.433368861,0.566631139
AFRICA,2022,80-84,1792055,2574301,0.410423474,0.589576526
AFRICA,2022,85-89,667825,1057115,0.387158394,0.612841606
AFRICA,2022,90-94,164853,286724,0.365060665,0.634939335
AFRICA,2022,95-99,24641,46663,0.345576686,0.654423314
AFRICA,2022,100+,1535,3149,0.327711358,0.672288642
Albania,2022,0-4,83195,76245,0.521795033,0.478204967
Albania,2022,15-19,96443,82946,0.537619364,0.462380636
Albania,2022,20-24,110690,102486,0.519242316,0.480757684
Albania,2022,25-29,123152,113090,0.521295959,0.478704041
Albania,2022,30-34,126794,107222,0.541817653,0.458182347
Albania,2022,35-39,102098,83529,0.55001697,0.44998303
Albania,2022,40-44,77943,72790,0.517093138,0.482906862
Albania,2022,45-49,76301,84300,0.475096668,0.524903332
Albania,2022,50-54,83667,93067,0.473406362,0.526593638
Albania,2022,55-59,94354,100400,0.484477854,0.515522146
Albania,2022,60-64,94380,99413,0.487014495,0.512985505
Albania,2022,65-69,76208,81270,0.483927914,0.516072086
Albania,2022,70-74,55347,59499,0.481923619,0.518076381
Albania,2022,75-79,41573,45430,0.477834098,0.522165902
Albania,2022,80-84,27311,30240,0.474553005,0.525446995
Albania,2022,85-89,12309,14323,0.462188345,0.537811655
Albania,2022,90-94,3408,4798,0.415305874,0.584694126
Albania,2022,95-99,495,883,0.359216255,0.640783745
Albania,2022,100+,16,40,0.285714286,0.714285714
Algeria,2022,0-4,2527406,2423243,0.510520136,0.489479864
Algeria,2022,15-19,1628151,1565176,0.509860406,0.490139594
Algeria,2022,20-24,1455107,1395604,0.510436519,0.489563481
Algeria,2022,25-29,1700861,1645121,0.508329393,0.491670607
Algeria,2022,30-34,1870906,1836327,0.504663721,0.495336279
Algeria,2022,35-39,1836511,1816559,0.502730854,0.497269146
Algeria,2022,40-44,1625435,1613232,0.501883954,0.498116046
Algeria,2022,45-49,1316025,1318312,0.499565925,0.500434075
Algeria,2022,50-54,1082694,1093483,0.497521112,0.502478888
Algeria,2022,55-59,918686,928487,0.497347027,0.502652973
Algeria,2022,60-64,748041,741417,0.502223628,0.497776372
Algeria,2022,65-69,617346,597630,0.508113741,0.491886259
Algeria,2022,70-74,423553,419914,0.502157168,0.497842832
Algeria,2022,75-79,254823,278371,0.477917981,0.522082019
Algeria,2022,80-84,163874,193065,0.45910926,0.54089074
Algeria,2022,85-89,88562,101664,0.465562016,0.534437984
Algeria,2022,90-94,31536,34094,0.480511961,0.519488039
Algeria,2022,95-99,6341,6579,0.490789474,0.509210526
Algeria,2022,100+,602,510,0.541366906,0.458633094
Angola,2022,0-4,3054029,3003943,0.504133892,0.495866108
Angola,2022,15-19,1902969,1932405,0.496162565,0.503837435
Angola,2022,20-24,1531967,1568018,0.494185294,0.505814706
Angola,2022,25-29,1267270,1307280,0.49222971,0.50777029
Angola,2022,30-34,1065819,1109578,0.489942296,0.510057704
Angola,2022,35-39,873593,918331,0.48751677,0.51248323
Angola,2022,40-44,695424,738269,0.485057819,0.514942181
Angola,2022,45-49,559874,604002,0.481042654,0.518957346
Angola,2022,50-54,413645,456991,0.475106704,0.524893296
Angola,2022,55-59,334262,358530,0.482485364,0.517514636
Angola,2022,60-64,256737,280826,0.477594254,0.522405746
Angola,2022,65-69,158816,179649,0.469224292,0.530775708
Angola,2022,70-74,98652,118337,0.454640558,0.545359442
Angola,2022,75-79,54972,75018,0.422894069,0.577105931
Angola,2022,80-84,23955,38817,0.381619193,0.618380807
Angola,2022,85-89,8426,15608,0.350586669,0.649413331
Angola,2022,90-94,1974,3592,0.354653252,0.645346748
Angola,2022,95-99,269,543,0.331280788,0.668719212
Angola,2022,100+,12,28,0.3,0.7
